VehicleType,SpawnTime,ElapsedTime,NodesPassedCount,Speed,NodesSequence
Truck,174402669.759,3.914,18,2.800,X.6.19;X.6.18;X.6.17;X.6.16;X.6.15;X.6.14;X.6.13;C.4.6;C.4.9;Y.5.17;Y.5.18;Y.5.19;Y.5.20;Y.5.21;Y.5.22;Y.5.23;Y.5.24;Y.5.25;Y.5.26
Car,1744092668.208,6.740,24,2.000,Y.5.1;Y.5.2;Y.5.3;Y.5.4;Y.5.5;Y.5.6;Y.5.7;Y.5.8;Y.5.9;C.2.17;X.1.12;X.1.11;X.1.10;X.1.9;X.1.8;C.1.18;Y.4.9;Y.4.8;Y.4.7;Y.4.6;Y.4.5;Y.4.4;Y.4.3;Y.4.2;Y.4.1
Truck,1744092672.942,5.183,27,2.800,X.4.1;X.4.2;X.4.3;X.4.4;X.4.5;X.4.6;X.4.7;C.1.19;Y.1.10;Y.1.11;Y.1.12;Y.1.13;Y.1.14;Y.1.15;Y.1.16;C.3.1;C.3.5;C.3.9;Y.1.17;Y.1.18;Y.1.19;Y.1.20;Y.1.21;Y.1.22;Y.1.23;Y.1.24;Y.1.25;Y.1.26
Car,1744092674.420,5.284,17,2.000,X.3.1;X.3.2;X.3.3;X.3.4;X.3.5;X.3.6;X.3.7;C.1.11;C.1.8;Y.4.9;Y.4.8;Y.4.7;Y.4.6;Y.4.5;Y.4.4;Y.4.3;Y.4.2;Y.4.1
Semitruck,1744092671.078,9.123,23,1.700,X.2.19;X.2.18;X.2.17;X.2.16;X.2.15;X.2.14;X.2.13;C.2.6;Y.6.10;Y.6.11;Y.6.12;Y.6.13;Y.6.14;Y.6.15;Y.6.16;C.4.10;C.4.15;X.8.13;X.8.14;X.8.15;X.8.16;X.8.17;X.8.18;X.8.19
Ambulance,1744092679.309,6.002,31,2.900,Y.8.26;Y.8.25;Y.8.24;Y.8.23;Y.8.22;Y.8.21;Y.8.20;Y.8.19;Y.8.18;Y.8.17;C.4.16;C.4.12;C.4.8;Y.8.16;Y.8.15;Y.8.14;Y.8.13;Y.8.12;Y.8.11;Y.8.10;C.2.16;C.2.12;C.2.8;Y.8.9;Y.8.8;Y.8.7;Y.8.6;Y.8.5;Y.8.4;Y.8.3;Y.8.2;Y.8.1
Car,1744092677.539,8.186,27,2.000,X.7.1;X.7.2;X.7.3;X.7.4;X.7.5;X.7.6;X.7.7;C.3.11;C.3.8;Y.4.16;Y.4.15;Y.4.14;Y.4.13;Y.4.12;Y.4.11;Y.4.10;C.1.16;C.1.12;C.1.8;Y.4.9;Y.4.8;Y.4.7;Y.4.6;Y.4.5;Y.4.4;Y.4.3;Y.4.2;Y.4.1
Bulldozer,1744092676.002,10.397,25,1.500,Y.2.1;Y.2.2;Y.2.3;Y.2.4;Y.2.5;Y.2.6;Y.2.7;Y.2.8;Y.2.9;C.1.10;C.1.15;X.4.8;X.4.9;X.4.10;X.4.11;X.4.12;C.2.13;C.2.14;C.2.15;X.4.13;X.4.14;X.4.15;X.4.16;X.4.17;X.4.18;X.4.19
Motorcycle,1744092680.547,5.947,24,2.800,Y.2.1;Y.2.2;Y.2.3;Y.2.4;Y.2.5;Y.2.6;Y.2.7;Y.2.8;Y.2.9;C.1.10;X.3.8;X.3.9;X.3.10;X.3.11;X.3.12;C.2.11;Y.7.9;Y.7.8;Y.7.7;Y.7.6;Y.7.5;Y.7.4;Y.7.3;Y.7.2;Y.7.1
Bulldozer,1744092682.307,5.748,16,1.500,X.1.19;X.1.18;X.1.17;X.1.16;X.1.15;X.1.14;X.1.13;C.2.18;Y.8.9;Y.8.8;Y.8.7;Y.8.6;Y.8.5;Y.8.4;Y.8.3;Y.8.2;Y.8.1
Truck,1744092684.206,5.348,22,2.800,X.7.1;X.7.2;X.7.3;X.7.4;X.7.5;X.7.6;X.7.7;C.3.11;Y.3.16;Y.3.15;Y.3.14;Y.3.13;Y.3.12;Y.3.11;Y.3.10;C.1.7;X.2.7;X.2.6;X.2.5;X.2.4;X.2.3;X.2.2;X.2.1
Car,1744092685.421,4.632,17,2.000,Y.8.26;Y.8.25;Y.8.24;Y.8.23;Y.8.22;Y.8.21;Y.8.20;Y.8.19;Y.8.18;Y.8.17;C.4.20;X.8.13;X.8.14;X.8.15;X.8.16;X.8.17;X.8.18;X.8.19
Truck,1744092687.187,2.962,16,2.800,Y.1.1;Y.1.2;Y.1.3;Y.1.4;Y.1.5;Y.1.6;Y.1.7;Y.1.8;Y.1.9;C.1.17;X.1.7;X.1.6;X.1.5;X.1.4;X.1.3;X.1.2;X.1.1
Truck,1744092689.102,7.010,35,2.800,Y.4.26;Y.4.25;Y.4.24;Y.4.23;Y.4.22;Y.4.21;Y.4.20;Y.4.19;Y.4.18;Y.4.17;C.3.16;C.3.12;C.3.8;Y.4.16;Y.4.15;Y.4.14;Y.4.13;Y.4.12;Y.4.11;Y.4.10;C.1.20;X.4.8;X.4.9;X.4.10;X.4.11;X.4.12;C.2.13;C.2.14;C.2.15;X.4.13;X.4.14;X.4.15;X.4.16;X.4.17;X.4.18;X.4.19
Ambulance,1744092692.477,5.916,25,2.900,Y.2.1;Y.2.2;Y.2.3;Y.2.4;Y.2.5;Y.2.6;Y.2.7;Y.2.8;Y.2.9;C.1.10;X.3.8;X.3.9;X.3.10;X.3.11;X.3.12;C.2.11;C.2.8;Y.8.9;Y.8.8;Y.8.7;Y.8.6;Y.8.5;Y.8.4;Y.8.3;Y.8.2;Y.8.1
Car,1744092690.742,7.668,22,2.000,X.7.1;X.7.2;X.7.3;X.7.4;X.7.5;X.7.6;X.7.7;C.3.11;Y.3.16;Y.3.15;Y.3.14;Y.3.13;Y.3.12;Y.3.11;Y.3.10;C.1.7;X.2.7;X.2.6;X.2.5;X.2.4;X.2.3;X.2.2;X.2.1
Motorcycle,1744092694.331,4.741,24,2.800,Y.5.1;Y.5.2;Y.5.3;Y.5.4;Y.5.5;Y.5.6;Y.5.7;Y.5.8;Y.5.9;C.2.17;X.1.12;X.1.11;X.1.10;X.1.9;X.1.8;C.1.4;C.1.3;C.1.2;X.1.7;X.1.6;X.1.5;X.1.4;X.1.3;X.1.2;X.1.1
Motorcycle,1744092695.608,3.710,17,2.800,Y.6.1;Y.6.2;Y.6.3;Y.6.4;Y.6.5;Y.6.6;Y.6.7;Y.6.8;Y.6.9;C.2.10;C.2.15;X.4.13;X.4.14;X.4.15;X.4.16;X.4.17;X.4.18;X.4.19
Schoolbus,1744092699.558,4.816,16,1.700,Y.1.1;Y.1.2;Y.1.3;Y.1.4;Y.1.5;Y.1.6;Y.1.7;Y.1.8;Y.1.9;C.1.17;X.1.7;X.1.6;X.1.5;X.1.4;X.1.3;X.1.2;X.1.1
Semitruck,1744092697.559,7.837,24,1.700,X.1.19;X.1.18;X.1.17;X.1.16;X.1.15;X.1.14;X.1.13;C.2.4;C.2.3;C.2.2;X.1.12;X.1.11;X.1.10;X.1.9;X.1.8;C.1.18;Y.4.9;Y.4.8;Y.4.7;Y.4.6;Y.4.5;Y.4.4;Y.4.3;Y.4.2;Y.4.1
Motorcycle,1744092704.328,3.816,18,2.800,Y.3.26;Y.3.25;Y.3.24;Y.3.23;Y.3.22;Y.3.21;Y.3.20;Y.3.19;Y.3.18;Y.3.17;C.3.7;C.3.2;X.5.7;X.5.6;X.5.5;X.5.4;X.5.3;X.5.2;X.5.1
Motorcycle,1744092703.067,7.650,38,2.800,X.4.1;X.4.2;X.4.3;X.4.4;X.4.5;X.4.6;X.4.7;C.1.13;C.1.14;C.1.15;X.4.8;X.4.9;X.4.10;X.4.11;X.4.12;C.2.19;Y.5.10;Y.5.11;Y.5.12;Y.5.13;Y.5.14;Y.5.15;Y.5.16;C.4.17;X.5.12;X.5.11;X.5.10;X.5.9;X.5.8;C.3.4;C.3.3;C.3.2;X.5.7;X.5.6;X.5.5;X.5.4;X.5.3;X.5.2;X.5.1
Semitruck,1744092701.301,12.734,38,1.700,X.5.19;X.5.18;X.5.17;X.5.16;X.5.15;X.5.14;X.5.13;C.4.4;C.4.3;C.4.2;X.5.12;X.5.11;X.5.10;X.5.9;X.5.8;C.3.18;Y.4.16;Y.4.15;Y.4.14;Y.4.13;Y.4.12;Y.4.11;Y.4.10;C.1.20;X.4.8;X.4.9;X.4.10;X.4.11;X.4.12;C.2.13;C.2.14;C.2.15;X.4.13;X.4.14;X.4.15;X.4.16;X.4.17;X.4.18;X.4.19
Truck,1744092707.696,6.374,27,2.800,Y.7.26;Y.7.25;Y.7.24;Y.7.23;Y.7.22;Y.7.21;Y.7.20;Y.7.19;Y.7.18;Y.7.17;C.4.7;X.6.12;X.6.11;X.6.10;X.6.9;X.6.8;C.3.6;C.3.9;Y.1.17;Y.1.18;Y.1.19;Y.1.20;Y.1.21;Y.1.22;Y.1.23;Y.1.24;Y.1.25;Y.1.26
Truck,1744092712.421,3.215,17,2.800,Y.8.26;Y.8.25;Y.8.24;Y.8.23;Y.8.22;Y.8.21;Y.8.20;Y.8.19;Y.8.18;Y.8.17;C.4.20;X.8.13;X.8.14;X.8.15;X.8.16;X.8.17;X.8.18;X.8.19
Car,1744092709.479,8.069,26,2.000,Y.7.26;Y.7.25;Y.7.24;Y.7.23;Y.7.22;Y.7.21;Y.7.20;Y.7.19;Y.7.18;Y.7.17;C.4.7;C.4.2;X.5.12;X.5.11;X.5.10;X.5.9;X.5.8;C.3.4;C.3.3;C.3.2;X.5.7;X.5.6;X.5.5;X.5.4;X.5.3;X.5.2;X.5.1
Car,1744092710.903,6.942,24,2.000,X.1.19;X.1.18;X.1.17;X.1.16;X.1.15;X.1.14;X.1.13;C.2.4;C.2.3;C.2.2;X.1.12;X.1.11;X.1.10;X.1.9;X.1.8;C.1.18;Y.4.9;Y.4.8;Y.4.7;Y.4.6;Y.4.5;Y.4.4;Y.4.3;Y.4.2;Y.4.1
Bulldozer,1744092706.094,13.433,35,1.500,X.4.1;X.4.2;X.4.3;X.4.4;X.4.5;X.4.6;X.4.7;C.1.13;C.1.14;C.1.15;X.4.8;X.4.9;X.4.10;X.4.11;X.4.12;C.2.19;Y.5.10;Y.5.11;Y.5.12;Y.5.13;Y.5.14;Y.5.15;Y.5.16;C.4.1;C.4.5;C.4.9;Y.5.17;Y.5.18;Y.5.19;Y.5.20;Y.5.21;Y.5.22;Y.5.23;Y.5.24;Y.5.25;Y.5.26
Truck,1744092714.164,6.022,31,2.800,Y.5.1;Y.5.2;Y.5.3;Y.5.4;Y.5.5;Y.5.6;Y.5.7;Y.5.8;Y.5.9;C.2.1;C.2.5;C.2.9;Y.5.10;Y.5.11;Y.5.12;Y.5.13;Y.5.14;Y.5.15;Y.5.16;C.4.1;C.4.5;C.4.9;Y.5.17;Y.5.18;Y.5.19;Y.5.20;Y.5.21;Y.5.22;Y.5.23;Y.5.24;Y.5.25;Y.5.26
Motorcycle,1744092717.122,4.922,25,2.800,X.8.1;X.8.2;X.8.3;X.8.4;X.8.5;X.8.6;X.8.7;C.3.13;C.3.14;C.3.15;X.8.8;X.8.9;X.8.10;X.8.11;X.8.12;C.4.19;Y.5.17;Y.5.18;Y.5.19;Y.5.20;Y.5.21;Y.5.22;Y.5.23;Y.5.24;Y.5.25;Y.5.26
Motorcycle,1744092718.414,4.711,24,2.800,Y.5.1;Y.5.2;Y.5.3;Y.5.4;Y.5.5;Y.5.6;Y.5.7;Y.5.8;Y.5.9;C.2.17;X.1.12;X.1.11;X.1.10;X.1.9;X.1.8;C.1.4;C.1.3;C.1.2;X.1.7;X.1.6;X.1.5;X.1.4;X.1.3;X.1.2;X.1.1
Truck,1744092720.291,3.193,17,2.800,Y.8.26;Y.8.25;Y.8.24;Y.8.23;Y.8.22;Y.8.21;Y.8.20;Y.8.19;Y.8.18;Y.8.17;C.4.20;X.8.13;X.8.14;X.8.15;X.8.16;X.8.17;X.8.18;X.8.19
Truck,1744092721.580,3.637,17,2.800,X.3.1;X.3.2;X.3.3;X.3.4;X.3.5;X.3.6;X.3.7;C.1.11;C.1.8;Y.4.9;Y.4.8;Y.4.7;Y.4.6;Y.4.5;Y.4.4;Y.4.3;Y.4.2;Y.4.1
Car,1744092715.527,10.085,35,2.000,Y.4.26;Y.4.25;Y.4.24;Y.4.23;Y.4.22;Y.4.21;Y.4.20;Y.4.19;Y.4.18;Y.4.17;C.3.16;C.3.12;C.3.8;Y.4.16;Y.4.15;Y.4.14;Y.4.13;Y.4.12;Y.4.11;Y.4.10;C.1.20;X.4.8;X.4.9;X.4.10;X.4.11;X.4.12;C.2.13;C.2.14;C.2.15;X.4.13;X.4.14;X.4.15;X.4.16;X.4.17;X.4.18;X.4.19
Car,1744092725.100,5.495,17,2.000,X.6.19;X.6.18;X.6.17;X.6.16;X.6.15;X.6.14;X.6.13;C.4.6;Y.6.17;Y.6.18;Y.6.19;Y.6.20;Y.6.21;Y.6.22;Y.6.23;Y.6.24;Y.6.25;Y.6.26
Motorcycle,1744092723.546,7.548,36,2.800,Y.7.26;Y.7.25;Y.7.24;Y.7.23;Y.7.22;Y.7.21;Y.7.20;Y.7.19;Y.7.18;Y.7.17;C.4.7;C.4.2;X.5.12;X.5.11;X.5.10;X.5.9;X.5.8;C.3.18;Y.4.16;Y.4.15;Y.4.14;Y.4.13;Y.4.12;Y.4.11;Y.4.10;C.1.16;C.1.12;C.1.8;Y.4.9;Y.4.8;Y.4.7;Y.4.6;Y.4.5;Y.4.4;Y.4.3;Y.4.2;Y.4.1
Truck,1744092728.429,3.762,17,2.800,Y.3.26;Y.3.25;Y.3.24;Y.3.23;Y.3.22;Y.3.21;Y.3.20;Y.3.19;Y.3.18;Y.3.17;C.3.7;X.6.7;X.6.6;X.6.5;X.6.4;X.6.3;X.6.2;X.6.1
Bulldozer,1744092726.838,7.388,18,1.500,X.6.19;X.6.18;X.6.17;X.6.16;X.6.15;X.6.14;X.6.13;C.4.6;C.4.9;Y.5.17;Y.5.18;Y.5.19;Y.5.20;Y.5.21;Y.5.22;Y.5.23;Y.5.24;Y.5.25;Y.5.26
Motorcycle,1744092729.629,7.000,35,2.800,Y.4.26;Y.4.25;Y.4.24;Y.4.23;Y.4.22;Y.4.21;Y.4.20;Y.4.19;Y.4.18;Y.4.17;C.3.16;C.3.12;C.3.8;Y.4.16;Y.4.15;Y.4.14;Y.4.13;Y.4.12;Y.4.11;Y.4.10;C.1.20;X.4.8;X.4.9;X.4.10;X.4.11;X.4.12;C.2.13;C.2.14;C.2.15;X.4.13;X.4.14;X.4.15;X.4.16;X.4.17;X.4.18;X.4.19
Motorcycle,1744092734.113,3.581,16,2.800,X.3.1;X.3.2;X.3.3;X.3.4;X.3.5;X.3.6;X.3.7;C.1.11;Y.3.9;Y.3.8;Y.3.7;Y.3.6;Y.3.5;Y.3.4;Y.3.3;Y.3.2;Y.3.1
Motorcycle,1744092732.441,5.352,22,2.800,X.7.1;X.7.2;X.7.3;X.7.4;X.7.5;X.7.6;X.7.7;C.3.11;Y.3.16;Y.3.15;Y.3.14;Y.3.13;Y.3.12;Y.3.11;Y.3.10;C.1.7;X.2.7;X.2.6;X.2.5;X.2.4;X.2.3;X.2.2;X.2.1
Bulldozer,1744092731.100,6.907,17,1.500,X.3.1;X.3.2;X.3.3;X.3.4;X.3.5;X.3.6;X.3.7;C.1.11;C.1.8;Y.4.9;Y.4.8;Y.4.7;Y.4.6;Y.4.5;Y.4.4;Y.4.3;Y.4.2;Y.4.1
Truck,1744092735.433,5.209,27,2.800,Y.8.26;Y.8.25;Y.8.24;Y.8.23;Y.8.22;Y.8.21;Y.8.20;Y.8.19;Y.8.18;Y.8.17;C.4.16;C.4.12;C.4.8;Y.8.16;Y.8.15;Y.8.14;Y.8.13;Y.8.12;Y.8.11;Y.8.10;C.2.20;X.4.13;X.4.14;X.4.15;X.4.16;X.4.17;X.4.18;X.4.19
Motorcycle,1744092736.993,3.897,18,2.800,X.6.19;X.6.18;X.6.17;X.6.16;X.6.15;X.6.14;X.6.13;C.4.6;C.4.9;Y.5.17;Y.5.18;Y.5.19;Y.5.20;Y.5.21;Y.5.22;Y.5.23;Y.5.24;Y.5.25;Y.5.26
Truck,1744092738.991,3.013,16,2.800,X.1.19;X.1.18;X.1.17;X.1.16;X.1.15;X.1.14;X.1.13;C.2.18;Y.8.9;Y.8.8;Y.8.7;Y.8.6;Y.8.5;Y.8.4;Y.8.3;Y.8.2;Y.8.1
Police_Car,1744092740.831,5.635,18,2.000,X.6.19;X.6.18;X.6.17;X.6.16;X.6.15;X.6.14;X.6.13;C.4.6;C.4.9;Y.5.17;Y.5.18;Y.5.19;Y.5.20;Y.5.21;Y.5.22;Y.5.23;Y.5.24;Y.5.25;Y.5.26
Car,1744092743.594,4.551,17,2.000,X.8.1;X.8.2;X.8.3;X.8.4;X.8.5;X.8.6;X.8.7;C.3.19;Y.1.17;Y.1.18;Y.1.19;Y.1.20;Y.1.21;Y.1.22;Y.1.23;Y.1.24;Y.1.25;Y.1.26
Truck,1744092748.487,3.632,16,2.800,Y.6.1;Y.6.2;Y.6.3;Y.6.4;Y.6.5;Y.6.6;Y.6.7;Y.6.8;Y.6.9;C.2.10;X.3.13;X.3.14;X.3.15;X.3.16;X.3.17;X.3.18;X.3.19
Semitruck,1744092742.340,10.883,31,1.700,X.7.1;X.7.2;X.7.3;X.7.4;X.7.5;X.7.6;X.7.7;C.3.11;C.3.8;Y.4.16;Y.4.15;Y.4.14;Y.4.13;Y.4.12;Y.4.11;Y.4.10;C.1.20;X.4.8;X.4.9;X.4.10;X.4.11;X.4.12;C.2.13;C.2.14;C.2.15;X.4.13;X.4.14;X.4.15;X.4.16;X.4.17;X.4.18;X.4.19
Car,1744092745.262,8.507,28,2.000,X.2.19;X.2.18;X.2.17;X.2.16;X.2.15;X.2.14;X.2.13;C.2.6;C.2.9;Y.5.10;Y.5.11;Y.5.12;Y.5.13;Y.5.14;Y.5.15;Y.5.16;C.4.1;C.4.5;C.4.9;Y.5.17;Y.5.18;Y.5.19;Y.5.20;Y.5.21;Y.5.22;Y.5.23;Y.5.24;Y.5.25;Y.5.26
Car,1744092749.721,4.644,17,2.000,Y.8.26;Y.8.25;Y.8.24;Y.8.23;Y.8.22;Y.8.21;Y.8.20;Y.8.19;Y.8.18;Y.8.17;C.4.20;X.8.13;X.8.14;X.8.15;X.8.16;X.8.17;X.8.18;X.8.19
Truck,1744092751.381,3.660,16,2.800,Y.6.1;Y.6.2;Y.6.3;Y.6.4;Y.6.5;Y.6.6;Y.6.7;Y.6.8;Y.6.9;C.2.10;X.3.13;X.3.14;X.3.15;X.3.16;X.3.17;X.3.18;X.3.19
Motorcycle,1744092756.008,3.660,17,2.800,X.3.1;X.3.2;X.3.3;X.3.4;X.3.5;X.3.6;X.3.7;C.1.11;C.1.8;Y.4.9;Y.4.8;Y.4.7;Y.4.6;Y.4.5;Y.4.4;Y.4.3;Y.4.2;Y.4.1
Car,1744092754.433,5.531,17,2.000,X.6.19;X.6.18;X.6.17;X.6.16;X.6.15;X.6.14;X.6.13;C.4.6;Y.6.17;Y.6.18;Y.6.19;Y.6.20;Y.6.21;Y.6.22;Y.6.23;Y.6.24;Y.6.25;Y.6.26
Bulldozer,1744092757.915,5.625,16,1.500,Y.1.1;Y.1.2;Y.1.3;Y.1.4;Y.1.5;Y.1.6;Y.1.7;Y.1.8;Y.1.9;C.1.17;X.1.7;X.1.6;X.1.5;X.1.4;X.1.3;X.1.2;X.1.1
Bulldozer,1744092746.521,18.082,45,1.500,X.2.19;X.2.18;X.2.17;X.2.16;X.2.15;X.2.14;X.2.13;C.2.6;C.2.9;Y.5.10;Y.5.11;Y.5.12;Y.5.13;Y.5.14;Y.5.15;Y.5.16;C.4.17;X.5.12;X.5.11;X.5.10;X.5.9;X.5.8;C.3.18;Y.4.16;Y.4.15;Y.4.14;Y.4.13;Y.4.12;Y.4.11;Y.4.10;C.1.20;X.4.8;X.4.9;X.4.10;X.4.11;X.4.12;C.2.13;C.2.14;C.2.15;X.4.13;X.4.14;X.4.15;X.4.16;X.4.17;X.4.18;X.4.19
Car,1744092752.864,13.738,45,2.000,X.2.19;X.2.18;X.2.17;X.2.16;X.2.15;X.2.14;X.2.13;C.2.6;C.2.9;Y.5.10;Y.5.11;Y.5.12;Y.5.13;Y.5.14;Y.5.15;Y.5.16;C.4.17;X.5.12;X.5.11;X.5.10;X.5.9;X.5.8;C.3.18;Y.4.16;Y.4.15;Y.4.14;Y.4.13;Y.4.12;Y.4.11;Y.4.10;C.1.20;X.4.8;X.4.9;X.4.10;X.4.11;X.4.12;C.2.13;C.2.14;C.2.15;X.4.13;X.4.14;X.4.15;X.4.16;X.4.17;X.4.18;X.4.19
Motorcycle,1744092762.990,4.777,24,2.800,X.1.19;X.1.18;X.1.17;X.1.16;X.1.15;X.1.14;X.1.13;C.2.4;C.2.3;C.2.2;X.1.12;X.1.11;X.1.10;X.1.9;X.1.8;C.1.18;Y.4.9;Y.4.8;Y.4.7;Y.4.6;Y.4.5;Y.4.4;Y.4.3;Y.4.2;Y.4.1
Truck,1744092761.115,7.404,35,2.800,X.4.1;X.4.2;X.4.3;X.4.4;X.4.5;X.4.6;X.4.7;C.1.13;C.1.14;C.1.15;X.4.8;X.4.9;X.4.10;X.4.11;X.4.12;C.2.19;Y.5.10;Y.5.11;Y.5.12;Y.5.13;Y.5.14;Y.5.15;Y.5.16;C.4.1;C.4.5;C.4.9;Y.5.17;Y.5.18;Y.5.19;Y.5.20;Y.5.21;Y.5.22;Y.5.23;Y.5.24;Y.5.25;Y.5.26
Ambulance,1744092764.263,5.979,31,2.900,Y.1.1;Y.1.2;Y.1.3;Y.1.4;Y.1.5;Y.1.6;Y.1.7;Y.1.8;Y.1.9;C.1.1;C.1.5;C.1.9;Y.1.10;Y.1.11;Y.1.12;Y.1.13;Y.1.14;Y.1.15;Y.1.16;C.3.1;C.3.5;C.3.9;Y.1.17;Y.1.18;Y.1.19;Y.1.20;Y.1.21;Y.1.22;Y.1.23;Y.1.24;Y.1.25;Y.1.26
Semitruck,1744092759.901,10.835,31,1.700,X.2.19;X.2.18;X.2.17;X.2.16;X.2.15;X.2.14;X.2.13;C.2.6;C.2.9;Y.5.10;Y.5.11;Y.5.12;Y.5.13;Y.5.14;Y.5.15;Y.5.16;C.4.17;X.5.12;X.5.11;X.5.10;X.5.9;X.5.8;C.3.4;C.3.3;C.3.2;X.5.7;X.5.6;X.5.5;X.5.4;X.5.3;X.5.2;X.5.1
Motorcycle,1744092766.924,4.940,26,2.800,Y.1.1;Y.1.2;Y.1.3;Y.1.4;Y.1.5;Y.1.6;Y.1.7;Y.1.8;Y.1.9;C.1.1;C.1.5;C.1.9;Y.1.10;Y.1.11;Y.1.12;Y.1.13;Y.1.14;Y.1.15;Y.1.16;C.3.17;X.5.7;X.5.6;X.5.5;X.5.4;X.5.3;X.5.2;X.5.1
Truck,1744092769.790,4.959,25,2.800,Y.4.26;Y.4.25;Y.4.24;Y.4.23;Y.4.22;Y.4.21;Y.4.20;Y.4.19;Y.4.18;Y.4.17;C.3.20;X.8.8;X.8.9;X.8.10;X.8.11;X.8.12;C.4.13;C.4.14;C.4.15;X.8.13;X.8.14;X.8.15;X.8.16;X.8.17;X.8.18;X.8.19
Bulldozer,1744092765.662,10.169,23,1.500,X.7.1;X.7.2;X.7.3;X.7.4;X.7.5;X.7.6;X.7.7;C.3.11;Y.3.16;Y.3.15;Y.3.14;Y.3.13;Y.3.12;Y.3.11;Y.3.10;C.1.7;C.1.2;X.1.7;X.1.6;X.1.5;X.1.4;X.1.3;X.1.2;X.1.1
Semitruck,1744092771.097,5.843,16,1.700,X.3.1;X.3.2;X.3.3;X.3.4;X.3.5;X.3.6;X.3.7;C.1.11;Y.3.9;Y.3.8;Y.3.7;Y.3.6;Y.3.5;Y.3.4;Y.3.3;Y.3.2;Y.3.1
Motorcycle,1744092772.351,4.773,17,2.800,X.3.1;X.3.2;X.3.3;X.3.4;X.3.5;X.3.6;X.3.7;C.1.11;C.1.8;Y.4.9;Y.4.8;Y.4.7;Y.4.6;Y.4.5;Y.4.4;Y.4.3;Y.4.2;Y.4.1
Car,1744092768.145,9.125,27,2.000,Y.7.26;Y.7.25;Y.7.24;Y.7.23;Y.7.22;Y.7.21;Y.7.20;Y.7.19;Y.7.18;Y.7.17;C.4.7;X.6.12;X.6.11;X.6.10;X.6.9;X.6.8;C.3.6;C.3.9;Y.1.17;Y.1.18;Y.1.19;Y.1.20;Y.1.21;Y.1.22;Y.1.23;Y.1.24;Y.1.25;Y.1.26
Car,1744092774.328,7.020,24,2.000,X.5.19;X.5.18;X.5.17;X.5.16;X.5.15;X.5.14;X.5.13;C.4.4;C.4.3;C.4.2;X.5.12;X.5.11;X.5.10;X.5.9;X.5.8;C.3.4;C.3.3;C.3.2;X.5.7;X.5.6;X.5.5;X.5.4;X.5.3;X.5.2;X.5.1
Truck,1744092775.838,5.859,26,2.800,Y.7.26;Y.7.25;Y.7.24;Y.7.23;Y.7.22;Y.7.21;Y.7.20;Y.7.19;Y.7.18;Y.7.17;C.4.7;C.4.2;X.5.12;X.5.11;X.5.10;X.5.9;X.5.8;C.3.4;C.3.3;C.3.2;X.5.7;X.5.6;X.5.5;X.5.4;X.5.3;X.5.2;X.5.1
Truck,1744092777.267,4.955,26,2.800,Y.1.1;Y.1.2;Y.1.3;Y.1.4;Y.1.5;Y.1.6;Y.1.7;Y.1.8;Y.1.9;C.1.1;C.1.5;C.1.9;Y.1.10;Y.1.11;Y.1.12;Y.1.13;Y.1.14;Y.1.15;Y.1.16;C.3.17;X.5.7;X.5.6;X.5.5;X.5.4;X.5.3;X.5.2;X.5.1
Motorcycle,1744092780.012,3.010,16,2.800,X.1.19;X.1.18;X.1.17;X.1.16;X.1.15;X.1.14;X.1.13;C.2.18;Y.8.9;Y.8.8;Y.8.7;Y.8.6;Y.8.5;Y.8.4;Y.8.3;Y.8.2;Y.8.1
Schoolbus,1744092778.531,5.101,17,1.700,X.8.1;X.8.2;X.8.3;X.8.4;X.8.5;X.8.6;X.8.7;C.3.19;Y.1.17;Y.1.18;Y.1.19;Y.1.20;Y.1.21;Y.1.22;Y.1.23;Y.1.24;Y.1.25;Y.1.26
Truck,1744092781.478,3.816,17,2.800,X.6.19;X.6.18;X.6.17;X.6.16;X.6.15;X.6.14;X.6.13;C.4.6;Y.6.17;Y.6.18;Y.6.19;Y.6.20;Y.6.21;Y.6.22;Y.6.23;Y.6.24;Y.6.25;Y.6.26
Police_Car,1744092783.337,7.248,26,2.000,Y.4.26;Y.4.25;Y.4.24;Y.4.23;Y.4.22;Y.4.21;Y.4.20;Y.4.19;Y.4.18;Y.4.17;C.3.20;X.8.8;X.8.9;X.8.10;X.8.11;X.8.12;C.4.19;Y.5.17;Y.5.18;Y.5.19;Y.5.20;Y.5.21;Y.5.22;Y.5.23;Y.5.24;Y.5.25;Y.5.26
Car,1744092784.720,6.115,22,2.000,X.5.19;X.5.18;X.5.17;X.5.16;X.5.15;X.5.14;X.5.13;C.4.18;Y.8.16;Y.8.15;Y.8.14;Y.8.13;Y.8.12;Y.8.11;Y.8.10;C.2.20;X.4.13;X.4.14;X.4.15;X.4.16;X.4.17;X.4.18;X.4.19
Truck,1744092787.919,3.146,17,2.800,X.8.1;X.8.2;X.8.3;X.8.4;X.8.5;X.8.6;X.8.7;C.3.19;Y.1.17;Y.1.18;Y.1.19;Y.1.20;Y.1.21;Y.1.22;Y.1.23;Y.1.24;Y.1.25;Y.1.26
Truck,1744092786.699,6.042,31,2.800,Y.8.26;Y.8.25;Y.8.24;Y.8.23;Y.8.22;Y.8.21;Y.8.20;Y.8.19;Y.8.18;Y.8.17;C.4.16;C.4.12;C.4.8;Y.8.16;Y.8.15;Y.8.14;Y.8.13;Y.8.12;Y.8.11;Y.8.10;C.2.16;C.2.12;C.2.8;Y.8.9;Y.8.8;Y.8.7;Y.8.6;Y.8.5;Y.8.4;Y.8.3;Y.8.2;Y.8.1
Motorcycle,1744092792.306,3.651,17,2.800,X.3.1;X.3.2;X.3.3;X.3.4;X.3.5;X.3.6;X.3.7;C.1.11;C.1.8;Y.4.9;Y.4.8;Y.4.7;Y.4.6;Y.4.5;Y.4.4;Y.4.3;Y.4.2;Y.4.1
Car,1744092791.056,5.510,17,2.000,X.6.19;X.6.18;X.6.17;X.6.16;X.6.15;X.6.14;X.6.13;C.4.6;Y.6.17;Y.6.18;Y.6.19;Y.6.20;Y.6.21;Y.6.22;Y.6.23;Y.6.24;Y.6.25;Y.6.26
Motorcycle,1744092794.081,4.252,22,2.800,X.5.19;X.5.18;X.5.17;X.5.16;X.5.15;X.5.14;X.5.13;C.4.18;Y.8.16;Y.8.15;Y.8.14;Y.8.13;Y.8.12;Y.8.11;Y.8.10;C.2.20;X.4.13;X.4.14;X.4.15;X.4.16;X.4.17;X.4.18;X.4.19
Truck,1744092795.838,2.954,16,2.800,Y.1.1;Y.1.2;Y.1.3;Y.1.4;Y.1.5;Y.1.6;Y.1.7;Y.1.8;Y.1.9;C.1.17;X.1.7;X.1.6;X.1.5;X.1.4;X.1.3;X.1.2;X.1.1
Bulldozer,1744092789.374,12.758,34,1.500,Y.5.1;Y.5.2;Y.5.3;Y.5.4;Y.5.5;Y.5.6;Y.5.7;Y.5.8;Y.5.9;C.2.1;C.2.5;C.2.9;Y.5.10;Y.5.11;Y.5.12;Y.5.13;Y.5.14;Y.5.15;Y.5.16;C.4.17;X.5.12;X.5.11;X.5.10;X.5.9;X.5.8;C.3.4;C.3.3;C.3.2;X.5.7;X.5.6;X.5.5;X.5.4;X.5.3;X.5.2;X.5.1
Car,1744092799.433,5.229,17,2.000,X.3.1;X.3.2;X.3.3;X.3.4;X.3.5;X.3.6;X.3.7;C.1.11;C.1.8;Y.4.9;Y.4.8;Y.4.7;Y.4.6;Y.4.5;Y.4.4;Y.4.3;Y.4.2;Y.4.1
Ambulance,1744092801.385,3.673,17,2.900,Y.6.1;Y.6.2;Y.6.3;Y.6.4;Y.6.5;Y.6.6;Y.6.7;Y.6.8;Y.6.9;C.2.10;C.2.15;X.4.13;X.4.14;X.4.15;X.4.16;X.4.17;X.4.18;X.4.19
Schoolbus,1744092797.564,8.991,22,1.700,X.2.19;X.2.18;X.2.17;X.2.16;X.2.15;X.2.14;X.2.13;C.2.6;Y.6.10;Y.6.11;Y.6.12;Y.6.13;Y.6.14;Y.6.15;Y.6.16;C.4.10;X.7.13;X.7.14;X.7.15;X.7.16;X.7.17;X.7.18;X.7.19
Schoolbus,1744092803.291,6.239,18,1.700,Y.3.26;Y.3.25;Y.3.24;Y.3.23;Y.3.22;Y.3.21;Y.3.20;Y.3.19;Y.3.18;Y.3.17;C.3.7;C.3.2;X.5.7;X.5.6;X.5.5;X.5.4;X.5.3;X.5.2;X.5.1
Motorcycle,1744092804.622,5.023,26,2.800,Y.4.26;Y.4.25;Y.4.24;Y.4.23;Y.4.22;Y.4.21;Y.4.20;Y.4.19;Y.4.18;Y.4.17;C.3.20;X.8.8;X.8.9;X.8.10;X.8.11;X.8.12;C.4.19;Y.5.17;Y.5.18;Y.5.19;Y.5.20;Y.5.21;Y.5.22;Y.5.23;Y.5.24;Y.5.25;Y.5.26
Truck,1744092806.079,6.054,31,2.800,Y.1.1;Y.1.2;Y.1.3;Y.1.4;Y.1.5;Y.1.6;Y.1.7;Y.1.8;Y.1.9;C.1.1;C.1.5;C.1.9;Y.1.10;Y.1.11;Y.1.12;Y.1.13;Y.1.14;Y.1.15;Y.1.16;C.3.1;C.3.5;C.3.9;Y.1.17;Y.1.18;Y.1.19;Y.1.20;Y.1.21;Y.1.22;Y.1.23;Y.1.24;Y.1.25;Y.1.26
Motorcycle,1744092807.647,4.899,24,2.800,X.5.19;X.5.18;X.5.17;X.5.16;X.5.15;X.5.14;X.5.13;C.4.4;C.4.3;C.4.2;X.5.12;X.5.11;X.5.10;X.5.9;X.5.8;C.3.4;C.3.3;C.3.2;X.5.7;X.5.6;X.5.5;X.5.4;X.5.3;X.5.2;X.5.1
Truck,1744092810.862,3.785,17,2.800,Y.3.26;Y.3.25;Y.3.24;Y.3.23;Y.3.22;Y.3.21;Y.3.20;Y.3.19;Y.3.18;Y.3.17;C.3.7;X.6.7;X.6.6;X.6.5;X.6.4;X.6.3;X.6.2;X.6.1
Truck,1744092809.384,6.398,27,2.800,Y.7.26;Y.7.25;Y.7.24;Y.7.23;Y.7.22;Y.7.21;Y.7.20;Y.7.19;Y.7.18;Y.7.17;C.4.7;X.6.12;X.6.11;X.6.10;X.6.9;X.6.8;C.3.6;C.3.9;Y.1.17;Y.1.18;Y.1.19;Y.1.20;Y.1.21;Y.1.22;Y.1.23;Y.1.24;Y.1.25;Y.1.26
Truck,1744092812.671,6.271,26,2.800,Y.7.26;Y.7.25;Y.7.24;Y.7.23;Y.7.22;Y.7.21;Y.7.20;Y.7.19;Y.7.18;Y.7.17;C.4.7;X.6.12;X.6.11;X.6.10;X.6.9;X.6.8;C.3.6;Y.2.17;Y.2.18;Y.2.19;Y.2.20;Y.2.21;Y.2.22;Y.2.23;Y.2.24;Y.2.25;Y.2.26
Car,1744092813.940,8.508,28,2.000,X.2.19;X.2.18;X.2.17;X.2.16;X.2.15;X.2.14;X.2.13;C.2.6;C.2.9;Y.5.10;Y.5.11;Y.5.12;Y.5.13;Y.5.14;Y.5.15;Y.5.16;C.4.1;C.4.5;C.4.9;Y.5.17;Y.5.18;Y.5.19;Y.5.20;Y.5.21;Y.5.22;Y.5.23;Y.5.24;Y.5.25;Y.5.26
Truck,1744092818.897,3.720,17,2.800,Y.6.1;Y.6.2;Y.6.3;Y.6.4;Y.6.5;Y.6.6;Y.6.7;Y.6.8;Y.6.9;C.2.10;C.2.15;X.4.13;X.4.14;X.4.15;X.4.16;X.4.17;X.4.18;X.4.19
Car,1744092815.850,7.263,26,2.000,X.5.19;X.5.18;X.5.17;X.5.16;X.5.15;X.5.14;X.5.13;C.4.18;Y.8.16;Y.8.15;Y.8.14;Y.8.13;Y.8.12;Y.8.11;Y.8.10;C.2.16;C.2.12;C.2.8;Y.8.9;Y.8.8;Y.8.7;Y.8.6;Y.8.5;Y.8.4;Y.8.3;Y.8.2;Y.8.1
Motorcycle,1744092817.683,7.802,38,2.800,X.5.19;X.5.18;X.5.17;X.5.16;X.5.15;X.5.14;X.5.13;C.4.4;C.4.3;C.4.2;X.5.12;X.5.11;X.5.10;X.5.9;X.5.8;C.3.18;Y.4.16;Y.4.15;Y.4.14;Y.4.13;Y.4.12;Y.4.11;Y.4.10;C.1.20;X.4.8;X.4.9;X.4.10;X.4.11;X.4.12;C.2.13;C.2.14;C.2.15;X.4.13;X.4.14;X.4.15;X.4.16;X.4.17;X.4.18;X.4.19
Car,1744092820.393,5.256,17,2.000,X.3.1;X.3.2;X.3.3;X.3.4;X.3.5;X.3.6;X.3.7;C.1.11;C.1.8;Y.4.9;Y.4.8;Y.4.7;Y.4.6;Y.4.5;Y.4.4;Y.4.3;Y.4.2;Y.4.1
Truck,1744092822.303,6.042,31,2.800,Y.1.1;Y.1.2;Y.1.3;Y.1.4;Y.1.5;Y.1.6;Y.1.7;Y.1.8;Y.1.9;C.1.1;C.1.5;C.1.9;Y.1.10;Y.1.11;Y.1.12;Y.1.13;Y.1.14;Y.1.15;Y.1.16;C.3.1;C.3.5;C.3.9;Y.1.17;Y.1.18;Y.1.19;Y.1.20;Y.1.21;Y.1.22;Y.1.23;Y.1.24;Y.1.25;Y.1.26
Motorcycle,1744092824.053,4.884,24,2.800,X.8.1;X.8.2;X.8.3;X.8.4;X.8.5;X.8.6;X.8.7;C.3.13;C.3.14;C.3.15;X.8.8;X.8.9;X.8.10;X.8.11;X.8.12;C.4.13;C.4.14;C.4.15;X.8.13;X.8.14;X.8.15;X.8.16;X.8.17;X.8.18;X.8.19
Bulldozer,1744092827.248,5.749,16,1.500,X.1.19;X.1.18;X.1.17;X.1.16;X.1.15;X.1.14;X.1.13;C.2.18;Y.8.9;Y.8.8;Y.8.7;Y.8.6;Y.8.5;Y.8.4;Y.8.3;Y.8.2;Y.8.1
Truck,1744092828.607,5.587,26,2.800,Y.7.26;Y.7.25;Y.7.24;Y.7.23;Y.7.22;Y.7.21;Y.7.20;Y.7.19;Y.7.18;Y.7.17;C.4.7;C.4.2;X.5.12;X.5.11;X.5.10;X.5.9;X.5.8;C.3.4;C.3.3;C.3.2;X.5.7;X.5.6;X.5.5;X.5.4;X.5.3;X.5.2;X.5.1
Bulldozer,1744092825.410,9.445,25,1.500,Y.4.26;Y.4.25;Y.4.24;Y.4.23;Y.4.22;Y.4.21;Y.4.20;Y.4.19;Y.4.18;Y.4.17;C.3.20;X.8.8;X.8.9;X.8.10;X.8.11;X.8.12;C.4.13;C.4.14;C.4.15;X.8.13;X.8.14;X.8.15;X.8.16;X.8.17;X.8.18;X.8.19
Motorcycle,1744092831.812,5.323,22,2.800,X.7.1;X.7.2;X.7.3;X.7.4;X.7.5;X.7.6;X.7.7;C.3.11;Y.3.16;Y.3.15;Y.3.14;Y.3.13;Y.3.12;Y.3.11;Y.3.10;C.1.7;X.2.7;X.2.6;X.2.5;X.2.4;X.2.3;X.2.2;X.2.1
Truck,1744092830.523,7.544,36,2.800,Y.2.1;Y.2.2;Y.2.3;Y.2.4;Y.2.5;Y.2.6;Y.2.7;Y.2.8;Y.2.9;C.1.10;C.1.15;X.4.8;X.4.9;X.4.10;X.4.11;X.4.12;C.2.19;Y.5.10;Y.5.11;Y.5.12;Y.5.13;Y.5.14;Y.5.15;Y.5.16;C.4.1;C.4.5;C.4.9;Y.5.17;Y.5.18;Y.5.19;Y.5.20;Y.5.21;Y.5.22;Y.5.23;Y.5.24;Y.5.25;Y.5.26
Semitruck,1744092833.417,5.108,17,1.700,X.8.1;X.8.2;X.8.3;X.8.4;X.8.5;X.8.6;X.8.7;C.3.19;Y.1.17;Y.1.18;Y.1.19;Y.1.20;Y.1.21;Y.1.22;Y.1.23;Y.1.24;Y.1.25;Y.1.26
Truck,1744092838.001,2.965,16,2.800,Y.1.1;Y.1.2;Y.1.3;Y.1.4;Y.1.5;Y.1.6;Y.1.7;Y.1.8;Y.1.9;C.1.17;X.1.7;X.1.6;X.1.5;X.1.4;X.1.3;X.1.2;X.1.1
Truck,1744092834.973,6.041,31,2.800,Y.5.1;Y.5.2;Y.5.3;Y.5.4;Y.5.5;Y.5.6;Y.5.7;Y.5.8;Y.5.9;C.2.1;C.2.5;C.2.9;Y.5.10;Y.5.11;Y.5.12;Y.5.13;Y.5.14;Y.5.15;Y.5.16;C.4.1;C.4.5;C.4.9;Y.5.17;Y.5.18;Y.5.19;Y.5.20;Y.5.21;Y.5.22;Y.5.23;Y.5.24;Y.5.25;Y.5.26
Semitruck,1744092836.187,4.975,16,1.700,X.1.19;X.1.18;X.1.17;X.1.16;X.1.15;X.1.14;X.1.13;C.2.18;Y.8.9;Y.8.8;Y.8.7;Y.8.6;Y.8.5;Y.8.4;Y.8.3;Y.8.2;Y.8.1
Motorcycle,1744092841.159,2.960,16,2.800,Y.1.1;Y.1.2;Y.1.3;Y.1.4;Y.1.5;Y.1.6;Y.1.7;Y.1.8;Y.1.9;C.1.17;X.1.7;X.1.6;X.1.5;X.1.4;X.1.3;X.1.2;X.1.1
Car,1744092839.882,7.015,24,2.000,X.5.19;X.5.18;X.5.17;X.5.16;X.5.15;X.5.14;X.5.13;C.4.4;C.4.3;C.4.2;X.5.12;X.5.11;X.5.10;X.5.9;X.5.8;C.3.4;C.3.3;C.3.2;X.5.7;X.5.6;X.5.5;X.5.4;X.5.3;X.5.2;X.5.1
Motorcycle,1744092842.456,5.050,26,2.800,X.5.19;X.5.18;X.5.17;X.5.16;X.5.15;X.5.14;X.5.13;C.4.18;Y.8.16;Y.8.15;Y.8.14;Y.8.13;Y.8.12;Y.8.11;Y.8.10;C.2.16;C.2.12;C.2.8;Y.8.9;Y.8.8;Y.8.7;Y.8.6;Y.8.5;Y.8.4;Y.8.3;Y.8.2;Y.8.1
Car,1744092844.184,8.657,31,2.000,Y.5.1;Y.5.2;Y.5.3;Y.5.4;Y.5.5;Y.5.6;Y.5.7;Y.5.8;Y.5.9;C.2.1;C.2.5;C.2.9;Y.5.10;Y.5.11;Y.5.12;Y.5.13;Y.5.14;Y.5.15;Y.5.16;C.4.1;C.4.5;C.4.9;Y.5.17;Y.5.18;Y.5.19;Y.5.20;Y.5.21;Y.5.22;Y.5.23;Y.5.24;Y.5.25;Y.5.26
Semitruck,1744092845.748,7.625,24,1.700,Y.5.1;Y.5.2;Y.5.3;Y.5.4;Y.5.5;Y.5.6;Y.5.7;Y.5.8;Y.5.9;C.2.17;X.1.12;X.1.11;X.1.10;X.1.9;X.1.8;C.1.18;Y.4.9;Y.4.8;Y.4.7;Y.4.6;Y.4.5;Y.4.4;Y.4.3;Y.4.2;Y.4.1
Car,1744092847.722,6.809,24,2.000,Y.5.1;Y.5.2;Y.5.3;Y.5.4;Y.5.5;Y.5.6;Y.5.7;Y.5.8;Y.5.9;C.2.17;X.1.12;X.1.11;X.1.10;X.1.9;X.1.8;C.1.4;C.1.3;C.1.2;X.1.7;X.1.6;X.1.5;X.1.4;X.1.3;X.1.2;X.1.1
Truck,1744092852.554,4.929,25,2.800,X.8.1;X.8.2;X.8.3;X.8.4;X.8.5;X.8.6;X.8.7;C.3.13;C.3.14;C.3.15;X.8.8;X.8.9;X.8.10;X.8.11;X.8.12;C.4.19;Y.5.17;Y.5.18;Y.5.19;Y.5.20;Y.5.21;Y.5.22;Y.5.23;Y.5.24;Y.5.25;Y.5.26
Semitruck,1744092849.125,9.872,31,1.700,Y.4.26;Y.4.25;Y.4.24;Y.4.23;Y.4.22;Y.4.21;Y.4.20;Y.4.19;Y.4.18;Y.4.17;C.3.16;C.3.12;C.3.8;Y.4.16;Y.4.15;Y.4.14;Y.4.13;Y.4.12;Y.4.11;Y.4.10;C.1.16;C.1.12;C.1.8;Y.4.9;Y.4.8;Y.4.7;Y.4.6;Y.4.5;Y.4.4;Y.4.3;Y.4.2;Y.4.1
Truck,1744092855.584,3.774,17,2.800,Y.3.26;Y.3.25;Y.3.24;Y.3.23;Y.3.22;Y.3.21;Y.3.20;Y.3.19;Y.3.18;Y.3.17;C.3.7;X.6.7;X.6.6;X.6.5;X.6.4;X.6.3;X.6.2;X.6.1
Police_Car,1744092850.884,8.693,31,2.000,Y.4.26;Y.4.25;Y.4.24;Y.4.23;Y.4.22;Y.4.21;Y.4.20;Y.4.19;Y.4.18;Y.4.17;C.3.16;C.3.12;C.3.8;Y.4.16;Y.4.15;Y.4.14;Y.4.13;Y.4.12;Y.4.11;Y.4.10;C.1.16;C.1.12;C.1.8;Y.4.9;Y.4.8;Y.4.7;Y.4.6;Y.4.5;Y.4.4;Y.4.3;Y.4.2;Y.4.1
Truck,1744092857.069,4.977,26,2.800,Y.1.1;Y.1.2;Y.1.3;Y.1.4;Y.1.5;Y.1.6;Y.1.7;Y.1.8;Y.1.9;C.1.1;C.1.5;C.1.9;Y.1.10;Y.1.11;Y.1.12;Y.1.13;Y.1.14;Y.1.15;Y.1.16;C.3.17;X.5.7;X.5.6;X.5.5;X.5.4;X.5.3;X.5.2;X.5.1
Motorcycle,1744092853.867,9.543,45,2.800,X.2.19;X.2.18;X.2.17;X.2.16;X.2.15;X.2.14;X.2.13;C.2.6;C.2.9;Y.5.10;Y.5.11;Y.5.12;Y.5.13;Y.5.14;Y.5.15;Y.5.16;C.4.17;X.5.12;X.5.11;X.5.10;X.5.9;X.5.8;C.3.18;Y.4.16;Y.4.15;Y.4.14;Y.4.13;Y.4.12;Y.4.11;Y.4.10;C.1.20;X.4.8;X.4.9;X.4.10;X.4.11;X.4.12;C.2.13;C.2.14;C.2.15;X.4.13;X.4.14;X.4.15;X.4.16;X.4.17;X.4.18;X.4.19
Car,1744092858.630,5.484,18,2.000,Y.3.26;Y.3.25;Y.3.24;Y.3.23;Y.3.22;Y.3.21;Y.3.20;Y.3.19;Y.3.18;Y.3.17;C.3.7;C.3.2;X.5.7;X.5.6;X.5.5;X.5.4;X.5.3;X.5.2;X.5.1
Bulldozer,1744092862.229,6.070,17,1.500,Y.8.26;Y.8.25;Y.8.24;Y.8.23;Y.8.22;Y.8.21;Y.8.20;Y.8.19;Y.8.18;Y.8.17;C.4.20;X.8.13;X.8.14;X.8.15;X.8.16;X.8.17;X.8.18;X.8.19
Truck,1744092860.322,11.729,59,2.800,Y.4.26;Y.4.25;Y.4.24;Y.4.23;Y.4.22;Y.4.21;Y.4.20;Y.4.19;Y.4.18;Y.4.17;C.3.16;C.3.12;C.3.8;Y.4.16;Y.4.15;Y.4.14;Y.4.13;Y.4.12;Y.4.11;Y.4.10;C.1.20;X.4.8;X.4.9;X.4.10;X.4.11;X.4.12;C.2.19;Y.5.10;Y.5.11;Y.5.12;Y.5.13;Y.5.14;Y.5.15;Y.5.16;C.4.17;X.5.12;X.5.11;X.5.10;X.5.9;X.5.8;C.3.18;Y.4.16;Y.4.15;Y.4.14;Y.4.13;Y.4.12;Y.4.11;Y.4.10;C.1.16;C.1.12;C.1.8;Y.4.9;Y.4.8;Y.4.7;Y.4.6;Y.4.5;Y.4.4;Y.4.3;Y.4.2;Y.4.1
Motorcycle,1744092867.461,6.030,31,2.800,Y.1.1;Y.1.2;Y.1.3;Y.1.4;Y.1.5;Y.1.6;Y.1.7;Y.1.8;Y.1.9;C.1.1;C.1.5;C.1.9;Y.1.10;Y.1.11;Y.1.12;Y.1.13;Y.1.14;Y.1.15;Y.1.16;C.3.1;C.3.5;C.3.9;Y.1.17;Y.1.18;Y.1.19;Y.1.20;Y.1.21;Y.1.22;Y.1.23;Y.1.24;Y.1.25;Y.1.26
Motorcycle,1744092870.461,3.593,16,2.800,X.3.1;X.3.2;X.3.3;X.3.4;X.3.5;X.3.6;X.3.7;C.1.11;Y.3.9;Y.3.8;Y.3.7;Y.3.6;Y.3.5;Y.3.4;Y.3.3;Y.3.2;Y.3.1
Semitruck,1744092865.798,8.995,22,1.700,X.2.19;X.2.18;X.2.17;X.2.16;X.2.15;X.2.14;X.2.13;C.2.6;Y.6.10;Y.6.11;Y.6.12;Y.6.13;Y.6.14;Y.6.15;Y.6.16;C.4.10;X.7.13;X.7.14;X.7.15;X.7.16;X.7.17;X.7.18;X.7.19
Bulldozer,1744092864.134,11.320,25,1.500,Y.2.1;Y.2.2;Y.2.3;Y.2.4;Y.2.5;Y.2.6;Y.2.7;Y.2.8;Y.2.9;C.1.10;X.3.8;X.3.9;X.3.10;X.3.11;X.3.12;C.2.11;C.2.8;Y.8.9;Y.8.8;Y.8.7;Y.8.6;Y.8.5;Y.8.4;Y.8.3;Y.8.2;Y.8.1
Truck,1744092869.195,6.605,26,2.800,X.5.19;X.5.18;X.5.17;X.5.16;X.5.15;X.5.14;X.5.13;C.4.18;Y.8.16;Y.8.15;Y.8.14;Y.8.13;Y.8.12;Y.8.11;Y.8.10;C.2.16;C.2.12;C.2.8;Y.8.9;Y.8.8;Y.8.7;Y.8.6;Y.8.5;Y.8.4;Y.8.3;Y.8.2;Y.8.1
Truck,1744092873.481,3.214,17,2.800,Y.8.26;Y.8.25;Y.8.24;Y.8.23;Y.8.22;Y.8.21;Y.8.20;Y.8.19;Y.8.18;Y.8.17;C.4.20;X.8.13;X.8.14;X.8.15;X.8.16;X.8.17;X.8.18;X.8.19
Truck,1744092872.087,6.651,31,2.800,X.7.1;X.7.2;X.7.3;X.7.4;X.7.5;X.7.6;X.7.7;C.3.11;C.3.8;Y.4.16;Y.4.15;Y.4.14;Y.4.13;Y.4.12;Y.4.11;Y.4.10;C.1.20;X.4.8;X.4.9;X.4.10;X.4.11;X.4.12;C.2.13;C.2.14;C.2.15;X.4.13;X.4.14;X.4.15;X.4.16;X.4.17;X.4.18;X.4.19
Motorcycle,1744092877.228,3.143,17,2.800,X.8.1;X.8.2;X.8.3;X.8.4;X.8.5;X.8.6;X.8.7;C.3.19;Y.1.17;Y.1.18;Y.1.19;Y.1.20;Y.1.21;Y.1.22;Y.1.23;Y.1.24;Y.1.25;Y.1.26
Truck,1744092875.440,6.632,31,2.800,X.7.1;X.7.2;X.7.3;X.7.4;X.7.5;X.7.6;X.7.7;C.3.11;C.3.8;Y.4.16;Y.4.15;Y.4.14;Y.4.13;Y.4.12;Y.4.11;Y.4.10;C.1.20;X.4.8;X.4.9;X.4.10;X.4.11;X.4.12;C.2.13;C.2.14;C.2.15;X.4.13;X.4.14;X.4.15;X.4.16;X.4.17;X.4.18;X.4.19
Car,1744092879.060,7.219,26,2.000,Y.4.26;Y.4.25;Y.4.24;Y.4.23;Y.4.22;Y.4.21;Y.4.20;Y.4.19;Y.4.18;Y.4.17;C.3.20;X.8.8;X.8.9;X.8.10;X.8.11;X.8.12;C.4.19;Y.5.17;Y.5.18;Y.5.19;Y.5.20;Y.5.21;Y.5.22;Y.5.23;Y.5.24;Y.5.25;Y.5.26
Car,1744092880.744,7.807,22,2.000,X.2.19;X.2.18;X.2.17;X.2.16;X.2.15;X.2.14;X.2.13;C.2.6;Y.6.10;Y.6.11;Y.6.12;Y.6.13;Y.6.14;Y.6.15;Y.6.16;C.4.10;X.7.13;X.7.14;X.7.15;X.7.16;X.7.17;X.7.18;X.7.19
Truck,1744092884.174,4.704,24,2.800,Y.5.1;Y.5.2;Y.5.3;Y.5.4;Y.5.5;Y.5.6;Y.5.7;Y.5.8;Y.5.9;C.2.17;X.1.12;X.1.11;X.1.10;X.1.9;X.1.8;C.1.4;C.1.3;C.1.2;X.1.7;X.1.6;X.1.5;X.1.4;X.1.3;X.1.2;X.1.1
Car,1744092882.256,7.417,27,2.000,X.4.1;X.4.2;X.4.3;X.4.4;X.4.5;X.4.6;X.4.7;C.1.19;Y.1.10;Y.1.11;Y.1.12;Y.1.13;Y.1.14;Y.1.15;Y.1.16;C.3.1;C.3.5;C.3.9;Y.1.17;Y.1.18;Y.1.19;Y.1.20;Y.1.21;Y.1.22;Y.1.23;Y.1.24;Y.1.25;Y.1.26
Car,1744092887.188,6.744,24,2.000,Y.5.1;Y.5.2;Y.5.3;Y.5.4;Y.5.5;Y.5.6;Y.5.7;Y.5.8;Y.5.9;C.2.17;X.1.12;X.1.11;X.1.10;X.1.9;X.1.8;C.1.18;Y.4.9;Y.4.8;Y.4.7;Y.4.6;Y.4.5;Y.4.4;Y.4.3;Y.4.2;Y.4.1
Police_Car,1744092888.968,5.520,17,2.000,X.3.1;X.3.2;X.3.3;X.3.4;X.3.5;X.3.6;X.3.7;C.1.11;C.1.8;Y.4.9;Y.4.8;Y.4.7;Y.4.6;Y.4.5;Y.4.4;Y.4.3;Y.4.2;Y.4.1
Motorcycle,1744092885.973,8.880,44,2.800,Y.5.1;Y.5.2;Y.5.3;Y.5.4;Y.5.5;Y.5.6;Y.5.7;Y.5.8;Y.5.9;C.2.1;C.2.5;C.2.9;Y.5.10;Y.5.11;Y.5.12;Y.5.13;Y.5.14;Y.5.15;Y.5.16;C.4.17;X.5.12;X.5.11;X.5.10;X.5.9;X.5.8;C.3.18;Y.4.16;Y.4.15;Y.4.14;Y.4.13;Y.4.12;Y.4.11;Y.4.10;C.1.16;C.1.12;C.1.8;Y.4.9;Y.4.8;Y.4.7;Y.4.6;Y.4.5;Y.4.4;Y.4.3;Y.4.2;Y.4.1
Motorcycle,1744092892.133,3.570,16,2.800,X.3.1;X.3.2;X.3.3;X.3.4;X.3.5;X.3.6;X.3.7;C.1.11;Y.3.9;Y.3.8;Y.3.7;Y.3.6;Y.3.5;Y.3.4;Y.3.3;Y.3.2;Y.3.1
Car,1744092890.635,5.251,16,2.000,Y.6.1;Y.6.2;Y.6.3;Y.6.4;Y.6.5;Y.6.6;Y.6.7;Y.6.8;Y.6.9;C.2.10;X.3.13;X.3.14;X.3.15;X.3.16;X.3.17;X.3.18;X.3.19
Motorcycle,1744092895.866,5.328,22,2.800,X.7.1;X.7.2;X.7.3;X.7.4;X.7.5;X.7.6;X.7.7;C.3.11;Y.3.16;Y.3.15;Y.3.14;Y.3.13;Y.3.12;Y.3.11;Y.3.10;C.1.7;X.2.7;X.2.6;X.2.5;X.2.4;X.2.3;X.2.2;X.2.1
Motorcycle,1744092897.730,3.647,17,2.800,X.3.1;X.3.2;X.3.3;X.3.4;X.3.5;X.3.6;X.3.7;C.1.11;C.1.8;Y.4.9;Y.4.8;Y.4.7;Y.4.6;Y.4.5;Y.4.4;Y.4.3;Y.4.2;Y.4.1
Police_Car,1744092893.880,9.002,26,2.000,Y.7.26;Y.7.25;Y.7.24;Y.7.23;Y.7.22;Y.7.21;Y.7.20;Y.7.19;Y.7.18;Y.7.17;C.4.7;X.6.12;X.6.11;X.6.10;X.6.9;X.6.8;C.3.6;Y.2.17;Y.2.18;Y.2.19;Y.2.20;Y.2.21;Y.2.22;Y.2.23;Y.2.24;Y.2.25;Y.2.26
Truck,1744092899.123,5.505,25,2.800,Y.2.1;Y.2.2;Y.2.3;Y.2.4;Y.2.5;Y.2.6;Y.2.7;Y.2.8;Y.2.9;C.1.10;C.1.15;X.4.8;X.4.9;X.4.10;X.4.11;X.4.12;C.2.13;C.2.14;C.2.15;X.4.13;X.4.14;X.4.15;X.4.16;X.4.17;X.4.18;X.4.19
Car,1744092900.562,5.526,18,2.000,Y.3.26;Y.3.25;Y.3.24;Y.3.23;Y.3.22;Y.3.21;Y.3.20;Y.3.19;Y.3.18;Y.3.17;C.3.7;C.3.2;X.5.7;X.5.6;X.5.5;X.5.4;X.5.3;X.5.2;X.5.1
Motorcycle,1744092903.388,3.941,18,2.800,X.6.19;X.6.18;X.6.17;X.6.16;X.6.15;X.6.14;X.6.13;C.4.6;C.4.9;Y.5.17;Y.5.18;Y.5.19;Y.5.20;Y.5.21;Y.5.22;Y.5.23;Y.5.24;Y.5.25;Y.5.26
Truck,1744092905.343,3.209,17,2.800,Y.8.26;Y.8.25;Y.8.24;Y.8.23;Y.8.22;Y.8.21;Y.8.20;Y.8.19;Y.8.18;Y.8.17;C.4.20;X.8.13;X.8.14;X.8.15;X.8.16;X.8.17;X.8.18;X.8.19
Semitruck,1744092901.985,8.096,24,1.700,X.8.1;X.8.2;X.8.3;X.8.4;X.8.5;X.8.6;X.8.7;C.3.13;C.3.14;C.3.15;X.8.8;X.8.9;X.8.10;X.8.11;X.8.12;C.4.13;C.4.14;C.4.15;X.8.13;X.8.14;X.8.15;X.8.16;X.8.17;X.8.18;X.8.19
Motorcycle,1744092907.254,3.646,17,2.800,X.3.1;X.3.2;X.3.3;X.3.4;X.3.5;X.3.6;X.3.7;C.1.11;C.1.8;Y.4.9;Y.4.8;Y.4.7;Y.4.6;Y.4.5;Y.4.4;Y.4.3;Y.4.2;Y.4.1
Car,1744092908.507,5.498,17,2.000,X.6.19;X.6.18;X.6.17;X.6.16;X.6.15;X.6.14;X.6.13;C.4.6;Y.6.17;Y.6.18;Y.6.19;Y.6.20;Y.6.21;Y.6.22;Y.6.23;Y.6.24;Y.6.25;Y.6.26
Truck,1744092912.041,3.698,17,2.800,Y.6.1;Y.6.2;Y.6.3;Y.6.4;Y.6.5;Y.6.6;Y.6.7;Y.6.8;Y.6.9;C.2.10;C.2.15;X.4.13;X.4.14;X.4.15;X.4.16;X.4.17;X.4.18;X.4.19
Truck,1744092910.133,5.673,27,2.800,X.7.1;X.7.2;X.7.3;X.7.4;X.7.5;X.7.6;X.7.7;C.3.11;C.3.8;Y.4.16;Y.4.15;Y.4.14;Y.4.13;Y.4.12;Y.4.11;Y.4.10;C.1.16;C.1.12;C.1.8;Y.4.9;Y.4.8;Y.4.7;Y.4.6;Y.4.5;Y.4.4;Y.4.3;Y.4.2;Y.4.1
Police_Car,1744092915.535,4.563,17,2.000,X.8.1;X.8.2;X.8.3;X.8.4;X.8.5;X.8.6;X.8.7;C.3.19;Y.1.17;Y.1.18;Y.1.19;Y.1.20;Y.1.21;Y.1.22;Y.1.23;Y.1.24;Y.1.25;Y.1.26
Car,1744092913.585,8.542,28,2.000,X.2.19;X.2.18;X.2.17;X.2.16;X.2.15;X.2.14;X.2.13;C.2.6;C.2.9;Y.5.10;Y.5.11;Y.5.12;Y.5.13;Y.5.14;Y.5.15;Y.5.16;C.4.1;C.4.5;C.4.9;Y.5.17;Y.5.18;Y.5.19;Y.5.20;Y.5.21;Y.5.22;Y.5.23;Y.5.24;Y.5.25;Y.5.26
Ambulance,1744092917.357,5.016,26,2.900,X.5.19;X.5.18;X.5.17;X.5.16;X.5.15;X.5.14;X.5.13;C.4.18;Y.8.16;Y.8.15;Y.8.14;Y.8.13;Y.8.12;Y.8.11;Y.8.10;C.2.16;C.2.12;C.2.8;Y.8.9;Y.8.8;Y.8.7;Y.8.6;Y.8.5;Y.8.4;Y.8.3;Y.8.2;Y.8.1
Truck,1744092919.200,5.242,27,2.800,Y.8.26;Y.8.25;Y.8.24;Y.8.23;Y.8.22;Y.8.21;Y.8.20;Y.8.19;Y.8.18;Y.8.17;C.4.16;C.4.12;C.4.8;Y.8.16;Y.8.15;Y.8.14;Y.8.13;Y.8.12;Y.8.11;Y.8.10;C.2.20;X.4.13;X.4.14;X.4.15;X.4.16;X.4.17;X.4.18;X.4.19
Semitruck,1744092920.648,6.258,18,1.700,Y.3.26;Y.3.25;Y.3.24;Y.3.23;Y.3.22;Y.3.21;Y.3.20;Y.3.19;Y.3.18;Y.3.17;C.3.7;C.3.2;X.5.7;X.5.6;X.5.5;X.5.4;X.5.3;X.5.2;X.5.1
Ambulance,1744092922.151,5.890,28,2.900,X.2.19;X.2.18;X.2.17;X.2.16;X.2.15;X.2.14;X.2.13;C.2.6;C.2.9;Y.5.10;Y.5.11;Y.5.12;Y.5.13;Y.5.14;Y.5.15;Y.5.16;C.4.1;C.4.5;C.4.9;Y.5.17;Y.5.18;Y.5.19;Y.5.20;Y.5.21;Y.5.22;Y.5.23;Y.5.24;Y.5.25;Y.5.26
Police_Car,1744092923.776,5.157,16,2.000,X.3.1;X.3.2;X.3.3;X.3.4;X.3.5;X.3.6;X.3.7;C.1.11;Y.3.9;Y.3.8;Y.3.7;Y.3.6;Y.3.5;Y.3.4;Y.3.3;Y.3.2;Y.3.1
Motorcycle,1744092926.490,6.004,31,2.800,Y.5.1;Y.5.2;Y.5.3;Y.5.4;Y.5.5;Y.5.6;Y.5.7;Y.5.8;Y.5.9;C.2.1;C.2.5;C.2.9;Y.5.10;Y.5.11;Y.5.12;Y.5.13;Y.5.14;Y.5.15;Y.5.16;C.4.1;C.4.5;C.4.9;Y.5.17;Y.5.18;Y.5.19;Y.5.20;Y.5.21;Y.5.22;Y.5.23;Y.5.24;Y.5.25;Y.5.26
Semitruck,1744092927.881,6.252,17,1.700,X.6.19;X.6.18;X.6.17;X.6.16;X.6.15;X.6.14;X.6.13;C.4.6;Y.6.17;Y.6.18;Y.6.19;Y.6.20;Y.6.21;Y.6.22;Y.6.23;Y.6.24;Y.6.25;Y.6.26
Car,1744092929.629,4.620,17,2.000,Y.8.26;Y.8.25;Y.8.24;Y.8.23;Y.8.22;Y.8.21;Y.8.20;Y.8.19;Y.8.18;Y.8.17;C.4.20;X.8.13;X.8.14;X.8.15;X.8.16;X.8.17;X.8.18;X.8.19
Motorcycle,1744092931.397,5.590,26,2.800,Y.7.26;Y.7.25;Y.7.24;Y.7.23;Y.7.22;Y.7.21;Y.7.20;Y.7.19;Y.7.18;Y.7.17;C.4.7;C.4.2;X.5.12;X.5.11;X.5.10;X.5.9;X.5.8;C.3.4;C.3.3;C.3.2;X.5.7;X.5.6;X.5.5;X.5.4;X.5.3;X.5.2;X.5.1
Motorcycle,1744092932.773,5.155,27,2.800,X.4.1;X.4.2;X.4.3;X.4.4;X.4.5;X.4.6;X.4.7;C.1.19;Y.1.10;Y.1.11;Y.1.12;Y.1.13;Y.1.14;Y.1.15;Y.1.16;C.3.1;C.3.5;C.3.9;Y.1.17;Y.1.18;Y.1.19;Y.1.20;Y.1.21;Y.1.22;Y.1.23;Y.1.24;Y.1.25;Y.1.26
Police_Car,1744092934.259,8.080,26,2.000,Y.7.26;Y.7.25;Y.7.24;Y.7.23;Y.7.22;Y.7.21;Y.7.20;Y.7.19;Y.7.18;Y.7.17;C.4.7;C.4.2;X.5.12;X.5.11;X.5.10;X.5.9;X.5.8;C.3.4;C.3.3;C.3.2;X.5.7;X.5.6;X.5.5;X.5.4;X.5.3;X.5.2;X.5.1
Motorcycle,1744092925.046,18.135,87,2.800,X.2.19;X.2.18;X.2.17;X.2.16;X.2.15;X.2.14;X.2.13;C.2.6;C.2.9;Y.5.10;Y.5.11;Y.5.12;Y.5.13;Y.5.14;Y.5.15;Y.5.16;C.4.17;X.5.12;X.5.11;X.5.10;X.5.9;X.5.8;C.3.18;Y.4.16;Y.4.15;Y.4.14;Y.4.13;Y.4.12;Y.4.11;Y.4.10;C.1.20;X.4.8;X.4.9;X.4.10;X.4.11;X.4.12;C.2.19;Y.5.10;Y.5.11;Y.5.12;Y.5.13;Y.5.14;Y.5.15;Y.5.16;C.4.17;X.5.12;X.5.11;X.5.10;X.5.9;X.5.8;C.3.18;Y.4.16;Y.4.15;Y.4.14;Y.4.13;Y.4.12;Y.4.11;Y.4.10;C.1.20;X.4.8;X.4.9;X.4.10;X.4.11;X.4.12;C.2.19;Y.5.10;Y.5.11;Y.5.12;Y.5.13;Y.5.14;Y.5.15;Y.5.16;C.4.17;X.5.12;X.5.11;X.5.10;X.5.9;X.5.8;C.3.4;C.3.3;C.3.2;X.5.7;X.5.6;X.5.5;X.5.4;X.5.3;X.5.2;X.5.1
Bulldozer,1744092939.835,6.094,17,1.500,Y.8.26;Y.8.25;Y.8.24;Y.8.23;Y.8.22;Y.8.21;Y.8.20;Y.8.19;Y.8.18;Y.8.17;C.4.20;X.8.13;X.8.14;X.8.15;X.8.16;X.8.17;X.8.18;X.8.19
Schoolbus,1744092938.004,7.991,24,1.700,X.4.1;X.4.2;X.4.3;X.4.4;X.4.5;X.4.6;X.4.7;C.1.13;C.1.14;C.1.15;X.4.8;X.4.9;X.4.10;X.4.11;X.4.12;C.2.13;C.2.14;C.2.15;X.4.13;X.4.14;X.4.15;X.4.16;X.4.17;X.4.18;X.4.19
Semitruck,1744092936.120,10.427,27,1.700,Y.7.26;Y.7.25;Y.7.24;Y.7.23;Y.7.22;Y.7.21;Y.7.20;Y.7.19;Y.7.18;Y.7.17;C.4.7;X.6.12;X.6.11;X.6.10;X.6.9;X.6.8;C.3.6;C.3.9;Y.1.17;Y.1.18;Y.1.19;Y.1.20;Y.1.21;Y.1.22;Y.1.23;Y.1.24;Y.1.25;Y.1.26
Truck,1744092941.170,6.039,31,2.800,Y.5.1;Y.5.2;Y.5.3;Y.5.4;Y.5.5;Y.5.6;Y.5.7;Y.5.8;Y.5.9;C.2.1;C.2.5;C.2.9;Y.5.10;Y.5.11;Y.5.12;Y.5.13;Y.5.14;Y.5.15;Y.5.16;C.4.1;C.4.5;C.4.9;Y.5.17;Y.5.18;Y.5.19;Y.5.20;Y.5.21;Y.5.22;Y.5.23;Y.5.24;Y.5.25;Y.5.26
Motorcycle,1744092943.103,5.024,26,2.800,Y.4.26;Y.4.25;Y.4.24;Y.4.23;Y.4.22;Y.4.21;Y.4.20;Y.4.19;Y.4.18;Y.4.17;C.3.20;X.8.8;X.8.9;X.8.10;X.8.11;X.8.12;C.4.19;Y.5.17;Y.5.18;Y.5.19;Y.5.20;Y.5.21;Y.5.22;Y.5.23;Y.5.24;Y.5.25;Y.5.26
Car,1744092944.808,7.833,25,2.000,Y.2.1;Y.2.2;Y.2.3;Y.2.4;Y.2.5;Y.2.6;Y.2.7;Y.2.8;Y.2.9;C.1.10;C.1.15;X.4.8;X.4.9;X.4.10;X.4.11;X.4.12;C.2.13;C.2.14;C.2.15;X.4.13;X.4.14;X.4.15;X.4.16;X.4.17;X.4.18;X.4.19
Car,1744092950.048,4.648,17,2.000,Y.8.26;Y.8.25;Y.8.24;Y.8.23;Y.8.22;Y.8.21;Y.8.20;Y.8.19;Y.8.18;Y.8.17;C.4.20;X.8.13;X.8.14;X.8.15;X.8.16;X.8.17;X.8.18;X.8.19
Car,1744092948.307,7.183,26,2.000,Y.1.1;Y.1.2;Y.1.3;Y.1.4;Y.1.5;Y.1.6;Y.1.7;Y.1.8;Y.1.9;C.1.1;C.1.5;C.1.9;Y.1.10;Y.1.11;Y.1.12;Y.1.13;Y.1.14;Y.1.15;Y.1.16;C.3.17;X.5.7;X.5.6;X.5.5;X.5.4;X.5.3;X.5.2;X.5.1
Schoolbus,1744092946.683,9.892,31,1.700,Y.4.26;Y.4.25;Y.4.24;Y.4.23;Y.4.22;Y.4.21;Y.4.20;Y.4.19;Y.4.18;Y.4.17;C.3.16;C.3.12;C.3.8;Y.4.16;Y.4.15;Y.4.14;Y.4.13;Y.4.12;Y.4.11;Y.4.10;C.1.16;C.1.12;C.1.8;Y.4.9;Y.4.8;Y.4.7;Y.4.6;Y.4.5;Y.4.4;Y.4.3;Y.4.2;Y.4.1
Motorcycle,1744092951.942,5.033,26,2.800,Y.4.26;Y.4.25;Y.4.24;Y.4.23;Y.4.22;Y.4.21;Y.4.20;Y.4.19;Y.4.18;Y.4.17;C.3.20;X.8.8;X.8.9;X.8.10;X.8.11;X.8.12;C.4.19;Y.5.17;Y.5.18;Y.5.19;Y.5.20;Y.5.21;Y.5.22;Y.5.23;Y.5.24;Y.5.25;Y.5.26
Truck,1744092953.780,6.032,25,2.800,Y.2.1;Y.2.2;Y.2.3;Y.2.4;Y.2.5;Y.2.6;Y.2.7;Y.2.8;Y.2.9;C.1.10;X.3.8;X.3.9;X.3.10;X.3.11;X.3.12;C.2.11;C.2.8;Y.8.9;Y.8.8;Y.8.7;Y.8.6;Y.8.5;Y.8.4;Y.8.3;Y.8.2;Y.8.1
Motorcycle,1744092956.883,3.223,17,2.800,Y.8.26;Y.8.25;Y.8.24;Y.8.23;Y.8.22;Y.8.21;Y.8.20;Y.8.19;Y.8.18;Y.8.17;C.4.20;X.8.13;X.8.14;X.8.15;X.8.16;X.8.17;X.8.18;X.8.19
Motorcycle,1744092955.305,5.543,23,2.800,X.2.19;X.2.18;X.2.17;X.2.16;X.2.15;X.2.14;X.2.13;C.2.6;Y.6.10;Y.6.11;Y.6.12;Y.6.13;Y.6.14;Y.6.15;Y.6.16;C.4.10;C.4.15;X.8.13;X.8.14;X.8.15;X.8.16;X.8.17;X.8.18;X.8.19
Truck,1744092958.691,4.790,24,2.800,X.1.19;X.1.18;X.1.17;X.1.16;X.1.15;X.1.14;X.1.13;C.2.4;C.2.3;C.2.2;X.1.12;X.1.11;X.1.10;X.1.9;X.1.8;C.1.18;Y.4.9;Y.4.8;Y.4.7;Y.4.6;Y.4.5;Y.4.4;Y.4.3;Y.4.2;Y.4.1
Motorcycle,1744092960.378,6.602,31,2.800,X.2.19;X.2.18;X.2.17;X.2.16;X.2.15;X.2.14;X.2.13;C.2.6;C.2.9;Y.5.10;Y.5.11;Y.5.12;Y.5.13;Y.5.14;Y.5.15;Y.5.16;C.4.17;X.5.12;X.5.11;X.5.10;X.5.9;X.5.8;C.3.4;C.3.3;C.3.2;X.5.7;X.5.6;X.5.5;X.5.4;X.5.3;X.5.2;X.5.1
Car,1744092961.644,5.585,18,2.000,X.6.19;X.6.18;X.6.17;X.6.16;X.6.15;X.6.14;X.6.13;C.4.6;C.4.9;Y.5.17;Y.5.18;Y.5.19;Y.5.20;Y.5.21;Y.5.22;Y.5.23;Y.5.24;Y.5.25;Y.5.26
Truck,1744092965.471,3.713,17,2.800,Y.6.1;Y.6.2;Y.6.3;Y.6.4;Y.6.5;Y.6.6;Y.6.7;Y.6.8;Y.6.9;C.2.10;C.2.15;X.4.13;X.4.14;X.4.15;X.4.16;X.4.17;X.4.18;X.4.19
Bulldozer,1744092963.535,5.748,16,1.500,X.1.19;X.1.18;X.1.17;X.1.16;X.1.15;X.1.14;X.1.13;C.2.18;Y.8.9;Y.8.8;Y.8.7;Y.8.6;Y.8.5;Y.8.4;Y.8.3;Y.8.2;Y.8.1
Truck,1744092967.144,3.216,17,2.800,Y.8.26;Y.8.25;Y.8.24;Y.8.23;Y.8.22;Y.8.21;Y.8.20;Y.8.19;Y.8.18;Y.8.17;C.4.20;X.8.13;X.8.14;X.8.15;X.8.16;X.8.17;X.8.18;X.8.19
Motorcycle,1744092968.645,2.972,16,2.800,Y.1.1;Y.1.2;Y.1.3;Y.1.4;Y.1.5;Y.1.6;Y.1.7;Y.1.8;Y.1.9;C.1.17;X.1.7;X.1.6;X.1.5;X.1.4;X.1.3;X.1.2;X.1.1
Car,1744092970.153,4.573,17,2.000,X.8.1;X.8.2;X.8.3;X.8.4;X.8.5;X.8.6;X.8.7;C.3.19;Y.1.17;Y.1.18;Y.1.19;Y.1.20;Y.1.21;Y.1.22;Y.1.23;Y.1.24;Y.1.25;Y.1.26
Truck,1744092972.867,5.937,28,2.800,X.2.19;X.2.18;X.2.17;X.2.16;X.2.15;X.2.14;X.2.13;C.2.6;C.2.9;Y.5.10;Y.5.11;Y.5.12;Y.5.13;Y.5.14;Y.5.15;Y.5.16;C.4.1;C.4.5;C.4.9;Y.5.17;Y.5.18;Y.5.19;Y.5.20;Y.5.21;Y.5.22;Y.5.23;Y.5.24;Y.5.25;Y.5.26
Truck,1744092974.463,4.966,26,2.800,Y.1.1;Y.1.2;Y.1.3;Y.1.4;Y.1.5;Y.1.6;Y.1.7;Y.1.8;Y.1.9;C.1.1;C.1.5;C.1.9;Y.1.10;Y.1.11;Y.1.12;Y.1.13;Y.1.14;Y.1.15;Y.1.16;C.3.17;X.5.7;X.5.6;X.5.5;X.5.4;X.5.3;X.5.2;X.5.1
Semitruck,1744092971.555,10.276,26,1.700,Y.7.26;Y.7.25;Y.7.24;Y.7.23;Y.7.22;Y.7.21;Y.7.20;Y.7.19;Y.7.18;Y.7.17;C.4.7;X.6.12;X.6.11;X.6.10;X.6.9;X.6.8;C.3.6;Y.2.17;Y.2.18;Y.2.19;Y.2.20;Y.2.21;Y.2.22;Y.2.23;Y.2.24;Y.2.25;Y.2.26
Truck,1744092977.630,4.962,26,2.800,Y.1.1;Y.1.2;Y.1.3;Y.1.4;Y.1.5;Y.1.6;Y.1.7;Y.1.8;Y.1.9;C.1.1;C.1.5;C.1.9;Y.1.10;Y.1.11;Y.1.12;Y.1.13;Y.1.14;Y.1.15;Y.1.16;C.3.17;X.5.7;X.5.6;X.5.5;X.5.4;X.5.3;X.5.2;X.5.1
Truck,1744092975.993,6.980,35,2.800,Y.4.26;Y.4.25;Y.4.24;Y.4.23;Y.4.22;Y.4.21;Y.4.20;Y.4.19;Y.4.18;Y.4.17;C.3.16;C.3.12;C.3.8;Y.4.16;Y.4.15;Y.4.14;Y.4.13;Y.4.12;Y.4.11;Y.4.10;C.1.20;X.4.8;X.4.9;X.4.10;X.4.11;X.4.12;C.2.13;C.2.14;C.2.15;X.4.13;X.4.14;X.4.15;X.4.16;X.4.17;X.4.18;X.4.19
Schoolbus,1744092979.137,6.415,18,1.700,X.6.19;X.6.18;X.6.17;X.6.16;X.6.15;X.6.14;X.6.13;C.4.6;C.4.9;Y.5.17;Y.5.18;Y.5.19;Y.5.20;Y.5.21;Y.5.22;Y.5.23;Y.5.24;Y.5.25;Y.5.26
Motorcycle,1744092980.889,5.689,27,2.800,X.7.1;X.7.2;X.7.3;X.7.4;X.7.5;X.7.6;X.7.7;C.3.11;C.3.8;Y.4.16;Y.4.15;Y.4.14;Y.4.13;Y.4.12;Y.4.11;Y.4.10;C.1.16;C.1.12;C.1.8;Y.4.9;Y.4.8;Y.4.7;Y.4.6;Y.4.5;Y.4.4;Y.4.3;Y.4.2;Y.4.1
Motorcycle,1744092985.376,2.963,16,2.800,Y.1.1;Y.1.2;Y.1.3;Y.1.4;Y.1.5;Y.1.6;Y.1.7;Y.1.8;Y.1.9;C.1.17;X.1.7;X.1.6;X.1.5;X.1.4;X.1.3;X.1.2;X.1.1
Truck,1744092982.275,6.296,26,2.800,Y.7.26;Y.7.25;Y.7.24;Y.7.23;Y.7.22;Y.7.21;Y.7.20;Y.7.19;Y.7.18;Y.7.17;C.4.7;X.6.12;X.6.11;X.6.10;X.6.9;X.6.8;C.3.6;Y.2.17;Y.2.18;Y.2.19;Y.2.20;Y.2.21;Y.2.22;Y.2.23;Y.2.24;Y.2.25;Y.2.26
Motorcycle,1744092986.904,3.815,18,2.800,Y.3.26;Y.3.25;Y.3.24;Y.3.23;Y.3.22;Y.3.21;Y.3.20;Y.3.19;Y.3.18;Y.3.17;C.3.7;C.3.2;X.5.7;X.5.6;X.5.5;X.5.4;X.5.3;X.5.2;X.5.1
Car,1744092983.549,8.705,31,2.000,Y.1.1;Y.1.2;Y.1.3;Y.1.4;Y.1.5;Y.1.6;Y.1.7;Y.1.8;Y.1.9;C.1.1;C.1.5;C.1.9;Y.1.10;Y.1.11;Y.1.12;Y.1.13;Y.1.14;Y.1.15;Y.1.16;C.3.1;C.3.5;C.3.9;Y.1.17;Y.1.18;Y.1.19;Y.1.20;Y.1.21;Y.1.22;Y.1.23;Y.1.24;Y.1.25;Y.1.26
Motorcycle,1744092990.519,3.020,16,2.800,X.1.19;X.1.18;X.1.17;X.1.16;X.1.15;X.1.14;X.1.13;C.2.18;Y.8.9;Y.8.8;Y.8.7;Y.8.6;Y.8.5;Y.8.4;Y.8.3;Y.8.2;Y.8.1
Car,1744092988.780,7.175,25,2.000,Y.4.26;Y.4.25;Y.4.24;Y.4.23;Y.4.22;Y.4.21;Y.4.20;Y.4.19;Y.4.18;Y.4.17;C.3.20;X.8.8;X.8.9;X.8.10;X.8.11;X.8.12;C.4.13;C.4.14;C.4.15;X.8.13;X.8.14;X.8.15;X.8.16;X.8.17;X.8.18;X.8.19
Schoolbus,1744092992.261,7.636,24,1.700,Y.5.1;Y.5.2;Y.5.3;Y.5.4;Y.5.5;Y.5.6;Y.5.7;Y.5.8;Y.5.9;C.2.17;X.1.12;X.1.11;X.1.10;X.1.9;X.1.8;C.1.18;Y.4.9;Y.4.8;Y.4.7;Y.4.6;Y.4.5;Y.4.4;Y.4.3;Y.4.2;Y.4.1
Motorcycle,1744092994.249,6.027,31,2.800,Y.1.1;Y.1.2;Y.1.3;Y.1.4;Y.1.5;Y.1.6;Y.1.7;Y.1.8;Y.1.9;C.1.1;C.1.5;C.1.9;Y.1.10;Y.1.11;Y.1.12;Y.1.13;Y.1.14;Y.1.15;Y.1.16;C.3.1;C.3.5;C.3.9;Y.1.17;Y.1.18;Y.1.19;Y.1.20;Y.1.21;Y.1.22;Y.1.23;Y.1.24;Y.1.25;Y.1.26
Ambulance,1744092995.495,4.832,24,2.900,X.8.1;X.8.2;X.8.3;X.8.4;X.8.5;X.8.6;X.8.7;C.3.13;C.3.14;C.3.15;X.8.8;X.8.9;X.8.10;X.8.11;X.8.12;C.4.13;C.4.14;C.4.15;X.8.13;X.8.14;X.8.15;X.8.16;X.8.17;X.8.18;X.8.19
Truck,1744092998.542,3.665,16,2.800,Y.6.1;Y.6.2;Y.6.3;Y.6.4;Y.6.5;Y.6.6;Y.6.7;Y.6.8;Y.6.9;C.2.10;X.3.13;X.3.14;X.3.15;X.3.16;X.3.17;X.3.18;X.3.19
Car,1744092996.859,8.722,31,2.000,Y.8.26;Y.8.25;Y.8.24;Y.8.23;Y.8.22;Y.8.21;Y.8.20;Y.8.19;Y.8.18;Y.8.17;C.4.16;C.4.12;C.4.8;Y.8.16;Y.8.15;Y.8.14;Y.8.13;Y.8.12;Y.8.11;Y.8.10;C.2.16;C.2.12;C.2.8;Y.8.9;Y.8.8;Y.8.7;Y.8.6;Y.8.5;Y.8.4;Y.8.3;Y.8.2;Y.8.1
Car,1744093001.850,7.008,24,2.000,X.4.1;X.4.2;X.4.3;X.4.4;X.4.5;X.4.6;X.4.7;C.1.13;C.1.14;C.1.15;X.4.8;X.4.9;X.4.10;X.4.11;X.4.12;C.2.13;C.2.14;C.2.15;X.4.13;X.4.14;X.4.15;X.4.16;X.4.17;X.4.18;X.4.19
Motorcycle,1744093005.517,3.918,18,2.800,X.6.19;X.6.18;X.6.17;X.6.16;X.6.15;X.6.14;X.6.13;C.4.6;C.4.9;Y.5.17;Y.5.18;Y.5.19;Y.5.20;Y.5.21;Y.5.22;Y.5.23;Y.5.24;Y.5.25;Y.5.26
Car,1744093000.500,10.108,35,2.000,Y.4.26;Y.4.25;Y.4.24;Y.4.23;Y.4.22;Y.4.21;Y.4.20;Y.4.19;Y.4.18;Y.4.17;C.3.16;C.3.12;C.3.8;Y.4.16;Y.4.15;Y.4.14;Y.4.13;Y.4.12;Y.4.11;Y.4.10;C.1.20;X.4.8;X.4.9;X.4.10;X.4.11;X.4.12;C.2.13;C.2.14;C.2.15;X.4.13;X.4.14;X.4.15;X.4.16;X.4.17;X.4.18;X.4.19
Car,1744093003.718,7.270,26,2.000,X.5.19;X.5.18;X.5.17;X.5.16;X.5.15;X.5.14;X.5.13;C.4.18;Y.8.16;Y.8.15;Y.8.14;Y.8.13;Y.8.12;Y.8.11;Y.8.10;C.2.16;C.2.12;C.2.8;Y.8.9;Y.8.8;Y.8.7;Y.8.6;Y.8.5;Y.8.4;Y.8.3;Y.8.2;Y.8.1
Truck,1744093010.055,4.245,22,2.800,X.5.19;X.5.18;X.5.17;X.5.16;X.5.15;X.5.14;X.5.13;C.4.18;Y.8.16;Y.8.15;Y.8.14;Y.8.13;Y.8.12;Y.8.11;Y.8.10;C.2.20;X.4.13;X.4.14;X.4.15;X.4.16;X.4.17;X.4.18;X.4.19
Police_Car,1744093007.382,7.262,26,2.000,Y.4.26;Y.4.25;Y.4.24;Y.4.23;Y.4.22;Y.4.21;Y.4.20;Y.4.19;Y.4.18;Y.4.17;C.3.20;X.8.8;X.8.9;X.8.10;X.8.11;X.8.12;C.4.19;Y.5.17;Y.5.18;Y.5.19;Y.5.20;Y.5.21;Y.5.22;Y.5.23;Y.5.24;Y.5.25;Y.5.26
Truck,1744093008.593,6.396,26,2.800,Y.4.26;Y.4.25;Y.4.24;Y.4.23;Y.4.22;Y.4.21;Y.4.20;Y.4.19;Y.4.18;Y.4.17;C.3.20;X.8.8;X.8.9;X.8.10;X.8.11;X.8.12;C.4.19;Y.5.17;Y.5.18;Y.5.19;Y.5.20;Y.5.21;Y.5.22;Y.5.23;Y.5.24;Y.5.25;Y.5.26
Car,1744093013.180,4.544,17,2.000,X.8.1;X.8.2;X.8.3;X.8.4;X.8.5;X.8.6;X.8.7;C.3.19;Y.1.17;Y.1.18;Y.1.19;Y.1.20;Y.1.21;Y.1.22;Y.1.23;Y.1.24;Y.1.25;Y.1.26
Motorcycle,1744093014.699,3.767,17,2.800,Y.3.26;Y.3.25;Y.3.24;Y.3.23;Y.3.22;Y.3.21;Y.3.20;Y.3.19;Y.3.18;Y.3.17;C.3.7;X.6.7;X.6.6;X.6.5;X.6.4;X.6.3;X.6.2;X.6.1
Schoolbus,1744093011.685,9.288,27,1.700,X.7.1;X.7.2;X.7.3;X.7.4;X.7.5;X.7.6;X.7.7;C.3.11;C.3.8;Y.4.16;Y.4.15;Y.4.14;Y.4.13;Y.4.12;Y.4.11;Y.4.10;C.1.16;C.1.12;C.1.8;Y.4.9;Y.4.8;Y.4.7;Y.4.6;Y.4.5;Y.4.4;Y.4.3;Y.4.2;Y.4.1
Motorcycle,1744093016.474,4.846,17,2.800,X.3.1;X.3.2;X.3.3;X.3.4;X.3.5;X.3.6;X.3.7;C.1.11;C.1.8;Y.4.9;Y.4.8;Y.4.7;Y.4.6;Y.4.5;Y.4.4;Y.4.3;Y.4.2;Y.4.1
Motorcycle,1744093017.911,3.760,17,2.800,X.3.1;X.3.2;X.3.3;X.3.4;X.3.5;X.3.6;X.3.7;C.1.11;C.1.8;Y.4.9;Y.4.8;Y.4.7;Y.4.6;Y.4.5;Y.4.4;Y.4.3;Y.4.2;Y.4.1
Car,1744093019.693,5.176,16,2.000,X.3.1;X.3.2;X.3.3;X.3.4;X.3.5;X.3.6;X.3.7;C.1.11;Y.3.9;Y.3.8;Y.3.7;Y.3.6;Y.3.5;Y.3.4;Y.3.3;Y.3.2;Y.3.1
Truck,1744093022.327,2.976,16,2.800,Y.1.1;Y.1.2;Y.1.3;Y.1.4;Y.1.5;Y.1.6;Y.1.7;Y.1.8;Y.1.9;C.1.17;X.1.7;X.1.6;X.1.5;X.1.4;X.1.3;X.1.2;X.1.1
Motorcycle,1744093024.019,3.603,16,2.800,X.3.1;X.3.2;X.3.3;X.3.4;X.3.5;X.3.6;X.3.7;C.1.11;Y.3.9;Y.3.8;Y.3.7;Y.3.6;Y.3.5;Y.3.4;Y.3.3;Y.3.2;Y.3.1
Motorcycle,1744093025.690,4.870,24,2.800,X.5.19;X.5.18;X.5.17;X.5.16;X.5.15;X.5.14;X.5.13;C.4.4;C.4.3;C.4.2;X.5.12;X.5.11;X.5.10;X.5.9;X.5.8;C.3.4;C.3.3;C.3.2;X.5.7;X.5.6;X.5.5;X.5.4;X.5.3;X.5.2;X.5.1
Truck,1744093021.097,11.654,56,2.800,X.2.19;X.2.18;X.2.17;X.2.16;X.2.15;X.2.14;X.2.13;C.2.6;C.2.9;Y.5.10;Y.5.11;Y.5.12;Y.5.13;Y.5.14;Y.5.15;Y.5.16;C.4.17;X.5.12;X.5.11;X.5.10;X.5.9;X.5.8;C.3.18;Y.4.16;Y.4.15;Y.4.14;Y.4.13;Y.4.12;Y.4.11;Y.4.10;C.1.20;X.4.8;X.4.9;X.4.10;X.4.11;X.4.12;C.2.19;Y.5.10;Y.5.11;Y.5.12;Y.5.13;Y.5.14;Y.5.15;Y.5.16;C.4.1;C.4.5;C.4.9;Y.5.17;Y.5.18;Y.5.19;Y.5.20;Y.5.21;Y.5.22;Y.5.23;Y.5.24;Y.5.25;Y.5.26
Car,1744093027.494,5.405,17,2.000,Y.3.26;Y.3.25;Y.3.24;Y.3.23;Y.3.22;Y.3.21;Y.3.20;Y.3.19;Y.3.18;Y.3.17;C.3.7;X.6.7;X.6.6;X.6.5;X.6.4;X.6.3;X.6.2;X.6.1
Truck,1744093028.817,5.171,27,2.800,X.4.1;X.4.2;X.4.3;X.4.4;X.4.5;X.4.6;X.4.7;C.1.19;Y.1.10;Y.1.11;Y.1.12;Y.1.13;Y.1.14;Y.1.15;Y.1.16;C.3.1;C.3.5;C.3.9;Y.1.17;Y.1.18;Y.1.19;Y.1.20;Y.1.21;Y.1.22;Y.1.23;Y.1.24;Y.1.25;Y.1.26
Ambulance,1744093030.791,4.091,22,2.900,X.4.1;X.4.2;X.4.3;X.4.4;X.4.5;X.4.6;X.4.7;C.1.19;Y.1.10;Y.1.11;Y.1.12;Y.1.13;Y.1.14;Y.1.15;Y.1.16;C.3.17;X.5.7;X.5.6;X.5.5;X.5.4;X.5.3;X.5.2;X.5.1
Car,1744093032.346,5.258,16,2.000,Y.6.1;Y.6.2;Y.6.3;Y.6.4;Y.6.5;Y.6.6;Y.6.7;Y.6.8;Y.6.9;C.2.10;X.3.13;X.3.14;X.3.15;X.3.16;X.3.17;X.3.18;X.3.19
Car,1744093034.292,8.613,25,2.000,Y.2.1;Y.2.2;Y.2.3;Y.2.4;Y.2.5;Y.2.6;Y.2.7;Y.2.8;Y.2.9;C.1.10;X.3.8;X.3.9;X.3.10;X.3.11;X.3.12;C.2.11;C.2.8;Y.8.9;Y.8.8;Y.8.7;Y.8.6;Y.8.5;Y.8.4;Y.8.3;Y.8.2;Y.8.1
Motorcycle,1744093036.135,7.115,25,2.800,Y.2.1;Y.2.2;Y.2.3;Y.2.4;Y.2.5;Y.2.6;Y.2.7;Y.2.8;Y.2.9;C.1.10;X.3.8;X.3.9;X.3.10;X.3.11;X.3.12;C.2.11;C.2.8;Y.8.9;Y.8.8;Y.8.7;Y.8.6;Y.8.5;Y.8.4;Y.8.3;Y.8.2;Y.8.1
Motorcycle,1744093037.972,6.020,25,2.800,Y.2.1;Y.2.2;Y.2.3;Y.2.4;Y.2.5;Y.2.6;Y.2.7;Y.2.8;Y.2.9;C.1.10;X.3.8;X.3.9;X.3.10;X.3.11;X.3.12;C.2.11;C.2.8;Y.8.9;Y.8.8;Y.8.7;Y.8.6;Y.8.5;Y.8.4;Y.8.3;Y.8.2;Y.8.1
Semitruck,1744093039.348,5.231,17,1.700,Y.8.26;Y.8.25;Y.8.24;Y.8.23;Y.8.22;Y.8.21;Y.8.20;Y.8.19;Y.8.18;Y.8.17;C.4.20;X.8.13;X.8.14;X.8.15;X.8.16;X.8.17;X.8.18;X.8.19
Motorcycle,1744093041.020,3.821,17,2.800,X.6.19;X.6.18;X.6.17;X.6.16;X.6.15;X.6.14;X.6.13;C.4.6;Y.6.17;Y.6.18;Y.6.19;Y.6.20;Y.6.21;Y.6.22;Y.6.23;Y.6.24;Y.6.25;Y.6.26
Schoolbus,1744093042.797,6.262,17,1.700,X.6.19;X.6.18;X.6.17;X.6.16;X.6.15;X.6.14;X.6.13;C.4.6;Y.6.17;Y.6.18;Y.6.19;Y.6.20;Y.6.21;Y.6.22;Y.6.23;Y.6.24;Y.6.25;Y.6.26
Motorcycle,1744093044.428,6.843,34,2.800,X.5.19;X.5.18;X.5.17;X.5.16;X.5.15;X.5.14;X.5.13;C.4.4;C.4.3;C.4.2;X.5.12;X.5.11;X.5.10;X.5.9;X.5.8;C.3.18;Y.4.16;Y.4.15;Y.4.14;Y.4.13;Y.4.12;Y.4.11;Y.4.10;C.1.16;C.1.12;C.1.8;Y.4.9;Y.4.8;Y.4.7;Y.4.6;Y.4.5;Y.4.4;Y.4.3;Y.4.2;Y.4.1
Car,1744093046.186,5.434,17,2.000,Y.3.26;Y.3.25;Y.3.24;Y.3.23;Y.3.22;Y.3.21;Y.3.20;Y.3.19;Y.3.18;Y.3.17;C.3.7;X.6.7;X.6.6;X.6.5;X.6.4;X.6.3;X.6.2;X.6.1
Car,1744093049.835,7.302,26,2.000,X.5.19;X.5.18;X.5.17;X.5.16;X.5.15;X.5.14;X.5.13;C.4.18;Y.8.16;Y.8.15;Y.8.14;Y.8.13;Y.8.12;Y.8.11;Y.8.10;C.2.16;C.2.12;C.2.8;Y.8.9;Y.8.8;Y.8.7;Y.8.6;Y.8.5;Y.8.4;Y.8.3;Y.8.2;Y.8.1
Car,1744093047.846,10.038,35,2.000,X.4.1;X.4.2;X.4.3;X.4.4;X.4.5;X.4.6;X.4.7;C.1.13;C.1.14;C.1.15;X.4.8;X.4.9;X.4.10;X.4.11;X.4.12;C.2.19;Y.5.10;Y.5.11;Y.5.12;Y.5.13;Y.5.14;Y.5.15;Y.5.16;C.4.1;C.4.5;C.4.9;Y.5.17;Y.5.18;Y.5.19;Y.5.20;Y.5.21;Y.5.22;Y.5.23;Y.5.24;Y.5.25;Y.5.26
Car,1744093051.711,7.041,24,2.000,X.1.19;X.1.18;X.1.17;X.1.16;X.1.15;X.1.14;X.1.13;C.2.4;C.2.3;C.2.2;X.1.12;X.1.11;X.1.10;X.1.9;X.1.8;C.1.4;C.1.3;C.1.2;X.1.7;X.1.6;X.1.5;X.1.4;X.1.3;X.1.2;X.1.1
Car,1744093055.073,5.627,18,2.000,X.6.19;X.6.18;X.6.17;X.6.16;X.6.15;X.6.14;X.6.13;C.4.6;C.4.9;Y.5.17;Y.5.18;Y.5.19;Y.5.20;Y.5.21;Y.5.22;Y.5.23;Y.5.24;Y.5.25;Y.5.26
Motorcycle,1744093057.962,3.827,17,2.800,X.6.19;X.6.18;X.6.17;X.6.16;X.6.15;X.6.14;X.6.13;C.4.6;Y.6.17;Y.6.18;Y.6.19;Y.6.20;Y.6.21;Y.6.22;Y.6.23;Y.6.24;Y.6.25;Y.6.26
Car,1744093053.134,8.721,31,2.000,Y.8.26;Y.8.25;Y.8.24;Y.8.23;Y.8.22;Y.8.21;Y.8.20;Y.8.19;Y.8.18;Y.8.17;C.4.16;C.4.12;C.4.8;Y.8.16;Y.8.15;Y.8.14;Y.8.13;Y.8.12;Y.8.11;Y.8.10;C.2.16;C.2.12;C.2.8;Y.8.9;Y.8.8;Y.8.7;Y.8.6;Y.8.5;Y.8.4;Y.8.3;Y.8.2;Y.8.1
Motorcycle,1744093059.371,3.210,17,2.800,Y.8.26;Y.8.25;Y.8.24;Y.8.23;Y.8.22;Y.8.21;Y.8.20;Y.8.19;Y.8.18;Y.8.17;C.4.20;X.8.13;X.8.14;X.8.15;X.8.16;X.8.17;X.8.18;X.8.19
Motorcycle,1744093056.707,6.039,31,2.800,Y.1.1;Y.1.2;Y.1.3;Y.1.4;Y.1.5;Y.1.6;Y.1.7;Y.1.8;Y.1.9;C.1.1;C.1.5;C.1.9;Y.1.10;Y.1.11;Y.1.12;Y.1.13;Y.1.14;Y.1.15;Y.1.16;C.3.1;C.3.5;C.3.9;Y.1.17;Y.1.18;Y.1.19;Y.1.20;Y.1.21;Y.1.22;Y.1.23;Y.1.24;Y.1.25;Y.1.26
Car,1744093061.159,5.625,18,2.000,X.6.19;X.6.18;X.6.17;X.6.16;X.6.15;X.6.14;X.6.13;C.4.6;C.4.9;Y.5.17;Y.5.18;Y.5.19;Y.5.20;Y.5.21;Y.5.22;Y.5.23;Y.5.24;Y.5.25;Y.5.26
Motorcycle,1744093063.081,4.686,24,2.800,Y.5.1;Y.5.2;Y.5.3;Y.5.4;Y.5.5;Y.5.6;Y.5.7;Y.5.8;Y.5.9;C.2.17;X.1.12;X.1.11;X.1.10;X.1.9;X.1.8;C.1.18;Y.4.9;Y.4.8;Y.4.7;Y.4.6;Y.4.5;Y.4.4;Y.4.3;Y.4.2;Y.4.1
Motorcycle,1744093065.556,5.082,26,2.800,X.5.19;X.5.18;X.5.17;X.5.16;X.5.15;X.5.14;X.5.13;C.4.18;Y.8.16;Y.8.15;Y.8.14;Y.8.13;Y.8.12;Y.8.11;Y.8.10;C.2.16;C.2.12;C.2.8;Y.8.9;Y.8.8;Y.8.7;Y.8.6;Y.8.5;Y.8.4;Y.8.3;Y.8.2;Y.8.1
Truck,1744093067.291,3.724,17,2.800,Y.6.1;Y.6.2;Y.6.3;Y.6.4;Y.6.5;Y.6.6;Y.6.7;Y.6.8;Y.6.9;C.2.10;C.2.15;X.4.13;X.4.14;X.4.15;X.4.16;X.4.17;X.4.18;X.4.19
Truck,1744093068.618,3.719,17,2.800,Y.6.1;Y.6.2;Y.6.3;Y.6.4;Y.6.5;Y.6.6;Y.6.7;Y.6.8;Y.6.9;C.2.10;C.2.15;X.4.13;X.4.14;X.4.15;X.4.16;X.4.17;X.4.18;X.4.19
Semitruck,1744093064.330,8.788,22,1.700,X.7.1;X.7.2;X.7.3;X.7.4;X.7.5;X.7.6;X.7.7;C.3.11;Y.3.16;Y.3.15;Y.3.14;Y.3.13;Y.3.12;Y.3.11;Y.3.10;C.1.7;X.2.7;X.2.6;X.2.5;X.2.4;X.2.3;X.2.2;X.2.1
Schoolbus,1744093070.308,7.896,24,1.700,X.1.19;X.1.18;X.1.17;X.1.16;X.1.15;X.1.14;X.1.13;C.2.4;C.2.3;C.2.2;X.1.12;X.1.11;X.1.10;X.1.9;X.1.8;C.1.18;Y.4.9;Y.4.8;Y.4.7;Y.4.6;Y.4.5;Y.4.4;Y.4.3;Y.4.2;Y.4.1
Motorcycle,1744093073.391,6.982,35,2.800,X.4.1;X.4.2;X.4.3;X.4.4;X.4.5;X.4.6;X.4.7;C.1.13;C.1.14;C.1.15;X.4.8;X.4.9;X.4.10;X.4.11;X.4.12;C.2.19;Y.5.10;Y.5.11;Y.5.12;Y.5.13;Y.5.14;Y.5.15;Y.5.16;C.4.1;C.4.5;C.4.9;Y.5.17;Y.5.18;Y.5.19;Y.5.20;Y.5.21;Y.5.22;Y.5.23;Y.5.24;Y.5.25;Y.5.26
Ambulance,1744093076.623,5.021,26,2.900,X.5.19;X.5.18;X.5.17;X.5.16;X.5.15;X.5.14;X.5.13;C.4.18;Y.8.16;Y.8.15;Y.8.14;Y.8.13;Y.8.12;Y.8.11;Y.8.10;C.2.16;C.2.12;C.2.8;Y.8.9;Y.8.8;Y.8.7;Y.8.6;Y.8.5;Y.8.4;Y.8.3;Y.8.2;Y.8.1
Motorcycle,1744093078.600,5.547,23,2.800,X.2.19;X.2.18;X.2.17;X.2.16;X.2.15;X.2.14;X.2.13;C.2.6;Y.6.10;Y.6.11;Y.6.12;Y.6.13;Y.6.14;Y.6.15;Y.6.16;C.4.10;C.4.15;X.8.13;X.8.14;X.8.15;X.8.16;X.8.17;X.8.18;X.8.19
Car,1744093074.711,10.901,36,2.000,Y.7.26;Y.7.25;Y.7.24;Y.7.23;Y.7.22;Y.7.21;Y.7.20;Y.7.19;Y.7.18;Y.7.17;C.4.7;C.4.2;X.5.12;X.5.11;X.5.10;X.5.9;X.5.8;C.3.18;Y.4.16;Y.4.15;Y.4.14;Y.4.13;Y.4.12;Y.4.11;Y.4.10;C.1.16;C.1.12;C.1.8;Y.4.9;Y.4.8;Y.4.7;Y.4.6;Y.4.5;Y.4.4;Y.4.3;Y.4.2;Y.4.1
Car,1744093080.262,5.959,22,2.000,X.4.1;X.4.2;X.4.3;X.4.4;X.4.5;X.4.6;X.4.7;C.1.19;Y.1.10;Y.1.11;Y.1.12;Y.1.13;Y.1.14;Y.1.15;Y.1.16;C.3.17;X.5.7;X.5.6;X.5.5;X.5.4;X.5.3;X.5.2;X.5.1
Car,1744093071.661,15.324,51,2.000,Y.7.26;Y.7.25;Y.7.24;Y.7.23;Y.7.22;Y.7.21;Y.7.20;Y.7.19;Y.7.18;Y.7.17;C.4.7;C.4.2;X.5.12;X.5.11;X.5.10;X.5.9;X.5.8;C.3.18;Y.4.16;Y.4.15;Y.4.14;Y.4.13;Y.4.12;Y.4.11;Y.4.10;C.1.20;X.4.8;X.4.9;X.4.10;X.4.11;X.4.12;C.2.19;Y.5.10;Y.5.11;Y.5.12;Y.5.13;Y.5.14;Y.5.15;Y.5.16;C.4.1;C.4.5;C.4.9;Y.5.17;Y.5.18;Y.5.19;Y.5.20;Y.5.21;Y.5.22;Y.5.23;Y.5.24;Y.5.25;Y.5.26
Car,1744093081.901,7.055,24,2.000,X.1.19;X.1.18;X.1.17;X.1.16;X.1.15;X.1.14;X.1.13;C.2.4;C.2.3;C.2.2;X.1.12;X.1.11;X.1.10;X.1.9;X.1.8;C.1.4;C.1.3;C.1.2;X.1.7;X.1.6;X.1.5;X.1.4;X.1.3;X.1.2;X.1.1
Truck,1744093083.200,6.088,31,2.800,Y.8.26;Y.8.25;Y.8.24;Y.8.23;Y.8.22;Y.8.21;Y.8.20;Y.8.19;Y.8.18;Y.8.17;C.4.16;C.4.12;C.4.8;Y.8.16;Y.8.15;Y.8.14;Y.8.13;Y.8.12;Y.8.11;Y.8.10;C.2.16;C.2.12;C.2.8;Y.8.9;Y.8.8;Y.8.7;Y.8.6;Y.8.5;Y.8.4;Y.8.3;Y.8.2;Y.8.1
Car,1744093084.836,5.960,22,2.000,X.4.1;X.4.2;X.4.3;X.4.4;X.4.5;X.4.6;X.4.7;C.1.19;Y.1.10;Y.1.11;Y.1.12;Y.1.13;Y.1.14;Y.1.15;Y.1.16;C.3.17;X.5.7;X.5.6;X.5.5;X.5.4;X.5.3;X.5.2;X.5.1
Car,1744093086.080,7.023,24,2.000,X.4.1;X.4.2;X.4.3;X.4.4;X.4.5;X.4.6;X.4.7;C.1.13;C.1.14;C.1.15;X.4.8;X.4.9;X.4.10;X.4.11;X.4.12;C.2.13;C.2.14;C.2.15;X.4.13;X.4.14;X.4.15;X.4.16;X.4.17;X.4.18;X.4.19
Truck,1744093089.691,3.825,18,2.800,Y.3.26;Y.3.25;Y.3.24;Y.3.23;Y.3.22;Y.3.21;Y.3.20;Y.3.19;Y.3.18;Y.3.17;C.3.7;C.3.2;X.5.7;X.5.6;X.5.5;X.5.4;X.5.3;X.5.2;X.5.1
